""	"symbol"	"gene_number"
"AOC1"	"AOC1"	"26.1"
"AOC2"	"AOC2"	"314.1"
"AOC3"	"AOC3"	"8639.1"
"AOC2"	"AOC2"	"314.2"
"CYP24A1"	"CYP24A1"	"1591.1"
"CYP27B1"	"CYP27B1"	"1594.1"
"SDS"	"SDS"	"10993.1"
"SULT1A3"	"SULT1A3"	"6818.1"
"SLC25A21"	"SLC25A21"	"89874.1"
"UEVLD"	"UEVLD"	"55293.1"
"LDHB"	"LDHB"	"3945.1"
"LDHAL6B"	"LDHAL6B"	"92483.1"
"LDHAL6A"	"LDHAL6A"	"160287.1"
"LDHC"	"LDHC"	"3948.2"
"LDHC"	"LDHC"	"3948.1"
"LDHA"	"LDHA"	"3939.1"
"ACOT12"	"ACOT12"	"134526.1"
"ACOX1"	"ACOX1"	"51.2"
"ACOX1"	"ACOX1"	"51.1"
"ACY1"	"ACY1"	"95.1"
"ACO2"	"ACO2"	"50.1"
"ACO1"	"ACO1"	"48.1"
"ACOX2"	"ACOX2"	"8309.1"
"ACP1"	"ACP1"	"52.3"
"ACPP"	"ACPP"	"55.1"
"ACP1"	"ACP1"	"52.1"
"ACP1"	"ACP1"	"52.2"
"SLC25A20"	"SLC25A20"	"788.1"
"SLC16A7"	"SLC16A7"	"9194.1"
"ACSS2"	"ACSS2"	"55902.1"
"ACSS2"	"ACSS2"	"55902.2"
"SLC16A3"	"SLC16A3"	"9123.1"
"SLC16A1"	"SLC16A1"	"6566.1"
"SLC4A5"	"SLC4A5"	"57835.2"
"AACS"	"AACS"	"65985.1"
"SLC4A4"	"SLC4A4"	"8671.1"
"SLC4A5"	"SLC4A5"	"57835.3"
"ASMT"	"ASMT"	"438.1"
"SLC4A5"	"SLC4A5"	"57835.4"
"CYP2E1"	"CYP2E1"	"1571.1"
"SLC4A5"	"SLC4A5"	"57835.1"
"OGDH"	"OGDH"	"4967.2"
"ADA"	"ADA"	"100.1"
"PDHX"	"PDHX"	"8050.1"
"DLD"	"DLD"	"1738.1"
"SLC29A2"	"SLC29A2"	"3177.1"
"OGDH"	"OGDH"	"4967.1"
"DLST"	"DLST"	"1743.1"
"ADH1C"	"ADH1C"	"126.1"
"AK4"	"AK4"	"205.3"
"ADH5"	"ADH5"	"128.1"
"AK2"	"AK2"	"204.1"
"ADH6"	"ADH6"	"130.1"
"AK4"	"AK4"	"205.2"
"ADH4"	"ADH4"	"127.1"
"AK4"	"AK4"	"205.1"
"ADH7"	"ADH7"	"131.1"
"AK2"	"AK2"	"204.3"
"ADH1A"	"ADH1A"	"124.1"
"AK2"	"AK2"	"204.2"
"ADH1B"	"ADH1B"	"125.1"
"AK5"	"AK5"	"26289.2"
"ADHFE1"	"ADHFE1"	"137872.1"
"AK5"	"AK5"	"26289.1"
"COMT"	"COMT"	"1312.2"
"AK3"	"AK3"	"50808.1"
"COMT"	"COMT"	"1312.1"
"AMD1"	"AMD1"	"262.1"
"SLC16A10"	"SLC16A10"	"117247.1"
"ALDH3B2"	"ALDH3B2"	"222.1"
"ADCY7"	"ADCY7"	"113.1"
"ALDH3A1"	"ALDH3A1"	"218.1"
"ADCY2"	"ADCY2"	"108.1"
"ALDH1A3"	"ALDH1A3"	"220.1"
"ALDH3B1"	"ALDH3B1"	"221.1"
"ADCY8"	"ADCY8"	"114.1"
"ADCY5"	"ADCY5"	"111.1"
"HPD"	"HPD"	"3242.1"
"ADCY9"	"ADCY9"	"115.1"
"ABAT"	"ABAT"	"18.1"
"ADCY3"	"ADCY3"	"109.1"
"ABAT"	"ABAT"	"18.2"
"ADCY10"	"ADCY10"	"55811.1"
"ADCY4"	"ADCY4"	"196883.1"
"KDSR"	"KDSR"	"2531.1"
"ADCY1"	"ADCY1"	"107.1"
"HAAO"	"HAAO"	"23498.1"
"ADCY6"	"ADCY6"	"112.1"
"ECHDC2"	"ECHDC2"	"55268.1"
"AADAT"	"AADAT"	"51166.2"
"ADCY6"	"ADCY6"	"112.2"
"AADAT"	"AADAT"	"51166.1"
"SLC29A1"	"SLC29A1"	"2030.1"
"KYAT1"	"KYAT1"	"883.1"
"DDC"	"DDC"	"1644.1"
"MAOB"	"MAOB"	"4129.1"
"SLC28A1"	"SLC28A1"	"9154.2"
"SLC28A3"	"SLC28A3"	"64078.1"
"MAOA"	"MAOA"	"4128.1"
"SLC28A2"	"SLC28A2"	"9153.1"
"SLC28A1"	"SLC28A1"	"9154.1"
"SLC25A13"	"SLC25A13"	"10165.1"
"SLC29A3"	"SLC29A3"	"55315.1"
"SLC25A12"	"SLC25A12"	"8604.1"
"ATP6V0D2"	"ATP6V0D2"	"245972.1"
"GAD2"	"GAD2"	"2572.1"
"ATP6V0D1"	"ATP6V0D1"	"9114.1"
"NUDT5"	"NUDT5"	"11164.1"
"GAD1"	"GAD1"	"2571.2"
"CD38"	"CD38"	"952.1"
"GAD1"	"GAD1"	"2571.1"
"CSAD"	"CSAD"	"51380.1"
"CPT1B"	"CPT1B"	"1375.1"
"ATP6V0B"	"ATP6V0B"	"533.1"
"GOT1"	"GOT1"	"2805.1"
"ATP6V0A4"	"ATP6V0A4"	"50617.3"
"CPT1A"	"CPT1A"	"1374.1"
"GOT2"	"GOT2"	"2806.1"
"ALDH4A1"	"ALDH4A1"	"8659.1"
"CPT1C"	"CPT1C"	"126129.1"
"ALDH4A1"	"ALDH4A1"	"8659.2"
"TCIRG1"	"TCIRG1"	"10312.1"
"SULT1A1"	"SULT1A1"	"6817.2"
"ATP6V0A1"	"ATP6V0A1"	"535.1"
"CPT1B"	"CPT1B"	"1375.2"
"SULT1A1"	"SULT1A1"	"6817.1"
"CPT1B"	"CPT1B"	"1375.4"
"ATP6V1G3"	"ATP6V1G3"	"127124.2"
"SULT1A3"	"SULT1A3"	"6818.3"
"CPT1B"	"CPT1B"	"1375.3"
"ATP6V1A"	"ATP6V1A"	"523.1"
"SULT1A1"	"SULT1A1"	"6817.4"
"CPT2"	"CPT2"	"1376.1"
"SULT1A2"	"SULT1A2"	"6799.2"
"PAPSS2"	"PAPSS2"	"9060.1"
"ATP6V0E1"	"ATP6V0E1"	"8992.1"
"SULT1A1"	"SULT1A1"	"6817.5"
"SULT1A3"	"SULT1A3"	"6818.2"
"PAPSS1"	"PAPSS1"	"9061.1"
"SULT1A1"	"SULT1A1"	"6817.3"
"ADSL"	"ADSL"	"158.1"
"ATP6V1G1"	"ATP6V1G1"	"9550.1"
"SULT1A2"	"SULT1A2"	"6799.1"
"ABCC1"	"ABCC1"	"4363.1"
"ATP6V1E1"	"ATP6V1E1"	"529.1"
"ADSL"	"ADSL"	"158.2"
"SULT2A1"	"SULT2A1"	"6822.1"
"SLC19A1"	"SLC19A1"	"6573.2"
"SLC19A1"	"SLC19A1"	"6573.1"
"B3GNTL1"	"B3GNTL1"	"146712.1"
"ATP6V1C1"	"ATP6V1C1"	"528.1"
"AOX1"	"AOX1"	"316.1"
"B3GNT2"	"B3GNT2"	"10678.2"
"SLC18A2"	"SLC18A2"	"6571.1"
"SLC18A1"	"SLC18A1"	"6570.1"
"B3GNT3"	"B3GNT3"	"10331.1"
"ATP6V1D"	"ATP6V1D"	"51382.1"
"FOLR1"	"FOLR1"	"2348.4"
"ATP6V1E2"	"ATP6V1E2"	"90423.1"
"ATP6V1G2"	"ATP6V1G2"	"534.2"
"B3GNT8"	"B3GNT8"	"374907.1"
"FOLR3"	"FOLR3"	"2352.1"
"B3GNT2"	"B3GNT2"	"10678.1"
"B3GNT8"	"B3GNT8"	"374907.2"
"ATP6V0A4"	"ATP6V0A4"	"50617.2"
"ATP6V1H"	"ATP6V1H"	"51606.1"
"FOLR1"	"FOLR1"	"2348.5"
"TCIRG1"	"TCIRG1"	"10312.2"
"ATP6V1H"	"ATP6V1H"	"51606.3"
"B4GAT1"	"B4GAT1"	"11041.1"
"FOLR1"	"FOLR1"	"2348.3"
"B3GNT7"	"B3GNT7"	"93010.1"
"ATP6V1F"	"ATP6V1F"	"9296.1"
"FOLR1"	"FOLR1"	"2348.1"
"FOLR1"	"FOLR1"	"2348.6"
"FOLR1"	"FOLR1"	"2348.2"
"B3GNT4"	"B3GNT4"	"79369.1"
"MAN2B1"	"MAN2B1"	"4125.1"
"ENTPD2"	"ENTPD2"	"954.2"
"AGMAT"	"AGMAT"	"79814.1"
"A4GALT"	"A4GALT"	"53947.1"
"A4GNT"	"A4GNT"	"51146.1"
"ENTPD2"	"ENTPD2"	"954.1"
"ABO"	"ABO"	"28.1"
"ENTPD1"	"ENTPD1"	"953.1"
"SLC36A1"	"SLC36A1"	"206358.1"
"ENTPD5"	"ENTPD5"	"957.1"
"AGPAT4"	"AGPAT4"	"56895.1"
"SLC6A13"	"SLC6A13"	"6540.1"
"GPAT4"	"GPAT4"	"137964.1"
"MBOAT2"	"MBOAT2"	"129642.1"
"ENTPD3"	"ENTPD3"	"956.1"
"ENTPD6"	"ENTPD6"	"955.1"
"SLC6A12"	"SLC6A12"	"6539.1"
"AGPAT3"	"AGPAT3"	"56894.1"
"AGPAT2"	"AGPAT2"	"10555.1"
"AGPAT5"	"AGPAT5"	"55326.1"
"AGPAT1"	"AGPAT1"	"10554.1"
"SLC6A1"	"SLC6A1"	"6529.1"
"SLC6A11"	"SLC6A11"	"6538.1"
"AGPAT3"	"AGPAT3"	"56894.2"
"ACAA2"	"ACAA2"	"10449.1"
"ACAT1"	"ACAT1"	"38.1"
"ETNPPL"	"ETNPPL"	"64850.1"
"ENTPD8"	"ENTPD8"	"377841.1"
"HADHB"	"HADHB"	"3032.1"
"SLC25A5"	"SLC25A5"	"292.1"
"SLC25A6"	"SLC25A6"	"293.1"
"AGXT2"	"AGXT2"	"64902.1"
"HADHA"	"HADHA"	"3030.1"
"AGXT"	"AGXT"	"189.1"
"SLC25A4"	"SLC25A4"	"291.1"
"ACAT2"	"ACAT2"	"39.1"
"ACAA1"	"ACAA1"	"30.1"
"ACACB"	"ACACB"	"32.1"
"SLC33A1"	"SLC33A1"	"9197.1"
"MANBA"	"MANBA"	"4126.1"
"HEXA"	"HEXA"	"3073.1"
"HEXB"	"HEXB"	"3074.1"
"ACSS3"	"ACSS3"	"79611.1"
"PAICS"	"PAICS"	"10606.1"
"B3GALNT1"	"B3GALNT1"	"8706.1"
"ACSS1"	"ACSS1"	"84532.1"
"GNPNAT1"	"GNPNAT1"	"64841.1"
"B3GALNT1"	"B3GALNT1"	"8706.3"
"B3GALNT1"	"B3GALNT1"	"8706.4"
"NAGK"	"NAGK"	"55577.1"
"B3GALNT1"	"B3GALNT1"	"8706.2"
"PGM3"	"PGM3"	"5238.1"
"B3GALT4"	"B3GALT4"	"8705.1"
"PIGL"	"PIGL"	"9487.1"
"B3GALT5"	"B3GALT5"	"10317.1"
"NAGS"	"NAGS"	"162417.1"
"B3GALT5"	"B3GALT5"	"10317.3"
"ACHE"	"ACHE"	"43.2"
"B3GALT5"	"B3GALT5"	"10317.5"
"ACHE"	"ACHE"	"43.1"
"B3GALT5"	"B3GALT5"	"10317.4"
"SLC18A3"	"SLC18A3"	"6572.1"
"B3GALT5"	"B3GALT5"	"10317.2"
"B3GNT5"	"B3GNT5"	"84002.1"
"ACLY"	"ACLY"	"47.1"
"BAAT"	"BAAT"	"570.1"
"HLCS"	"HLCS"	"3141.1"
"ACLY"	"ACLY"	"47.2"
"NANS"	"NANS"	"54187.1"
"SLC32A1"	"SLC32A1"	"140679.1"
"SLC17A5"	"SLC17A5"	"26503.1"
"ACP5"	"ACP5"	"54.1"
"BBOX1"	"BBOX1"	"8424.1"
"ACP6"	"ACP6"	"51205.1"
"BCO1"	"BCO1"	"53630.1"
"NANP"	"NANP"	"140838.1"
"BDH1"	"BDH1"	"622.3"
"ACADSB"	"ACADSB"	"36.1"
"BDH1"	"BDH1"	"622.1"
"ACADM"	"ACADM"	"34.1"
"BDH1"	"BDH1"	"622.2"
"ACAD11"	"ACAD11"	"84129.1"
"BHMT2"	"BHMT2"	"23743.1"
"ACAD10"	"ACAD10"	"80724.1"
"BHMT"	"BHMT"	"635.1"
"ACAD8"	"ACAD8"	"27034.1"
"SLCO1B1"	"SLCO1B1"	"10599.1"
"ACAD9"	"ACAD9"	"28976.1"
"ABCC2"	"ABCC2"	"1244.1"
"ACADS"	"ACADS"	"35.1"
"IVD"	"IVD"	"3712.1"
"DGKB"	"DGKB"	"1607.1"
"ABCC3"	"ABCC3"	"8714.1"
"SLCO1B3"	"SLCO1B3"	"28234.1"
"BLVRA"	"BLVRA"	"644.1"
"SLC25A10"	"SLC25A10"	"1468.1"
"DGKB"	"DGKB"	"1607.2"
"SLC25A11"	"SLC25A11"	"8402.1"
"SLC13A3"	"SLC13A3"	"64849.1"
"SLC13A3"	"SLC13A3"	"64849.2"
"BLVRB"	"BLVRB"	"645.1"
"PIGB"	"PIGB"	"9488.1"
"DAO"	"DAO"	"1610.1"
"BPNT1"	"BPNT1"	"10380.1"
"BTD"	"BTD"	"686.1"
"AKR1C1"	"AKR1C1"	"1645.1"
"GLRX"	"GLRX"	"2745.1"
"AKR1C4"	"AKR1C4"	"1109.1"
"SLC5A6"	"SLC5A6"	"8884.1"
"SLC19A3"	"SLC19A3"	"80704.1"
"GLRX2"	"GLRX2"	"51022.1"
"UPB1"	"UPB1"	"51733.1"
"GLRX2"	"GLRX2"	"51022.2"
"TM7SF2"	"TM7SF2"	"7108.1"
"AKR1D1"	"AKR1D1"	"6718.1"
"DDO"	"DDO"	"8528.2"
"SLC1A5"	"SLC1A5"	"6510.1"
"NSDHL"	"NSDHL"	"50814.1"
"HSD17B4"	"HSD17B4"	"3295.1"
"DDO"	"DDO"	"8528.1"
"MSMO1"	"MSMO1"	"6307.1"
"SLC1A4"	"SLC1A4"	"6509.1"
"ECI1"	"ECI1"	"1632.1"
"SLC7A10"	"SLC7A10"	"56301.1"
"ATP2B3"	"ATP2B3"	"492.1"
"ECI2"	"ECI2"	"10455.1"
"ATP2B1"	"ATP2B1"	"490.1"
"SLC3A2"	"SLC3A2"	"6520.1"
"DCK"	"DCK"	"1633.1"
"ALAS1"	"ALAS1"	"211.1"
"ATP2B4"	"ATP2B4"	"493.1"
"DCT"	"DCT"	"1638.1"
"SCD"	"SCD"	"6319.1"
"FADS2"	"FADS2"	"9415.1"
"ATP2B2"	"ATP2B2"	"491.1"
"GCAT"	"GCAT"	"23464.1"
"FADS1"	"FADS1"	"3992.1"
"ALAS2"	"ALAS2"	"212.1"
"DGAT1"	"DGAT1"	"8694.1"
"ALAS1"	"ALAS1"	"211.2"
"CAT"	"CAT"	"847.1"
"DGAT2"	"DGAT2"	"84649.1"
"DGUOK"	"DGUOK"	"1716.4"
"SLC8A1"	"SLC8A1"	"6546.1"
"SLC8A3"	"SLC8A3"	"6547.1"
"DGUOK"	"DGUOK"	"1716.5"
"SLC8A3"	"SLC8A3"	"6547.4"
"SLC8A3"	"SLC8A3"	"6547.5"
"SLC38A2"	"SLC38A2"	"54407.1"
"DGUOK"	"DGUOK"	"1716.2"
"DGUOK"	"DGUOK"	"1716.1"
"SLC7A1"	"SLC7A1"	"6541.1"
"SLC8A2"	"SLC8A2"	"6543.1"
"DGUOK"	"DGUOK"	"1716.3"
"SLC8A3"	"SLC8A3"	"6547.3"
"SLC2A3"	"SLC2A3"	"6515.1"
"SLC8A3"	"SLC8A3"	"6547.6"
"SLC8A3"	"SLC8A3"	"6547.2"
"MMAA"	"MMAA"	"166785.1"
"ACE2"	"ACE2"	"59272.1"
"SLC7A3"	"SLC7A3"	"84889.1"
"SLC2A4"	"SLC2A4"	"6517.1"
"SLC38A1"	"SLC38A1"	"81539.1"
"SLC6A19"	"SLC6A19"	"340024.1"
"SLC2A1"	"SLC2A1"	"6513.1"
"SLC38A4"	"SLC38A4"	"55089.1"
"DHCR24"	"DHCR24"	"1718.1"
"G6PC"	"G6PC"	"2538.1"
"CYP7A1"	"CYP7A1"	"1581.1"
"G6PC2"	"G6PC2"	"57818.1"
"G6PC3"	"G6PC3"	"92579.1"
"CPS1"	"CPS1"	"1373.2"
"CPS1"	"CPS1"	"1373.1"
"CBR1"	"CBR1"	"873.1"
"SLC6A14"	"SLC6A14"	"11254.1"
"TMEM27"	"TMEM27"	"57393.1"
"SLC7A2"	"SLC7A2"	"6542.1"
"GPT2"	"GPT2"	"84706.1"
"DHCR7"	"DHCR7"	"1717.1"
"GPT"	"GPT"	"2875.1"
"DEGS1"	"DEGS1"	"8560.2"
"CDIPT"	"CDIPT"	"10423.2"
"DEGS2"	"DEGS2"	"123099.1"
"CDIPT"	"CDIPT"	"10423.1"
"SLC38A5"	"SLC38A5"	"92745.1"
"DEGS1"	"DEGS1"	"8560.1"
"SLC38A3"	"SLC38A3"	"10991.1"
"CDS1"	"CDS1"	"1040.1"
"SLCO2B1"	"SLCO2B1"	"11309.1"
"CDS2"	"CDS2"	"8760.1"
"ZADH2"	"ZADH2"	"284273.2"
"ZADH2"	"ZADH2"	"284273.1"
"SULT1E1"	"SULT1E1"	"6783.1"
"DHODH"	"DHODH"	"1723.1"
"AKR1A1"	"AKR1A1"	"10327.1"
"AKR1A1"	"AKR1A1"	"10327.2"
"CEPT1"	"CEPT1"	"10390.1"
"CHPT1"	"CHPT1"	"56994.1"
"DPYS"	"DPYS"	"1807.1"
"CERK"	"CERK"	"64781.1"
"DPYSL3"	"DPYSL3"	"1809.1"
"CERK"	"CERK"	"64781.2"
"ALDH1A2"	"ALDH1A2"	"8854.3"
"DPYSL2"	"DPYSL2"	"1808.1"
"COL4A3BP"	"COL4A3BP"	"10087.1"
"SLC16A8"	"SLC16A8"	"23539.1"
"SLC15A2"	"SLC15A2"	"6565.1"
"CH25H"	"CH25H"	"9023.1"
"ALDH3A2"	"ALDH3A2"	"224.1"
"ALDH7A1"	"ALDH7A1"	"501.1"
"FDPS"	"FDPS"	"2224.1"
"ALDH1A2"	"ALDH1A2"	"8854.1"
"CHAT"	"CHAT"	"1103.1"
"DMGDH"	"DMGDH"	"29958.1"
"CHAT"	"CHAT"	"1103.4"
"ALDH1A2"	"ALDH1A2"	"8854.2"
"SLC25A19"	"SLC25A19"	"60386.1"
"ALDH9A1"	"ALDH9A1"	"223.1"
"ALDH1A1"	"ALDH1A1"	"216.1"
"CHAT"	"CHAT"	"1103.2"
"CHAT"	"CHAT"	"1103.3"
"PHOSPHO1"	"PHOSPHO1"	"162466.1"
"ALG10"	"ALG10"	"84920.1"
"PCYT1A"	"PCYT1A"	"5130.1"
"PCYT1B"	"PCYT1B"	"9468.1"
"SLCO1A2"	"SLCO1A2"	"6579.1"
"ALDH2"	"ALDH2"	"217.1"
"ALDH1B1"	"ALDH1B1"	"219.1"
"ALG12"	"ALG12"	"79087.1"
"ALOX12"	"ALOX12"	"239.1"
"SLC10A2"	"SLC10A2"	"6555.1"
"SLC10A1"	"SLC10A1"	"6554.1"
"MOXD1"	"MOXD1"	"26002.1"
"ABCC3"	"ABCC3"	"8714.2"
"ABCC3"	"ABCC3"	"8714.3"
"DBH"	"DBH"	"1621.1"
"ABCB11"	"ABCB11"	"8647.1"
"ALOX15B"	"ALOX15B"	"247.1"
"TYR"	"TYR"	"7299.1"
"CHDH"	"CHDH"	"55349.1"
"SLC6A2"	"SLC6A2"	"6530.1"
"ALOX15"	"ALOX15"	"246.1"
"SLC6A3"	"SLC6A3"	"6531.1"
"SLC22A3"	"SLC22A3"	"6581.1"
"ALOX5"	"ALOX5"	"240.1"
"AKR1B1"	"AKR1B1"	"231.1"
"AKR7A2"	"AKR7A2"	"8574.1"
"AMACR"	"AMACR"	"23600.1"
"CHKA"	"CHKA"	"1119.2"
"CHKA"	"CHKA"	"1119.1"
"CHKB"	"CHKB"	"1120.1"
"PGAM2"	"PGAM2"	"5224.2"
"CHKB"	"CHKB"	"1120.2"
"SLC5A7"	"SLC5A7"	"60482.1"
"SLC22A2"	"SLC22A2"	"6582.2"
"AMACR"	"AMACR"	"23600.2"
"PGAM2"	"PGAM2"	"5224.1"
"SLC25A26"	"SLC25A26"	"115286.1"
"PGAM1"	"PGAM1"	"5223.1"
"SLC25A26"	"SLC25A26"	"115286.2"
"SLC22A5"	"SLC22A5"	"6584.1"
"BPGM"	"BPGM"	"669.2"
"SLC22A2"	"SLC22A2"	"6582.1"
"SLC25A26"	"SLC25A26"	"115286.3"
"BPGM"	"BPGM"	"669.1"
"AMPD2"	"AMPD2"	"271.2"
"SULT2B1"	"SULT2B1"	"6820.1"
"MVD"	"MVD"	"4597.1"
"DERA"	"DERA"	"51071.1"
"STARD3"	"STARD3"	"10948.1"
"ABCA1"	"ABCA1"	"19.1"
"AMPD3"	"AMPD3"	"272.1"
"AMPD2"	"AMPD2"	"271.1"
"DPYD"	"DPYD"	"1806.1"
"AMPD1"	"AMPD1"	"270.1"
"TK1"	"TK1"	"7083.1"
"AMPD2"	"AMPD2"	"271.3"
"ANPEP"	"ANPEP"	"290.1"
"CHIT1"	"CHIT1"	"1118.1"
"TK2"	"TK2"	"7084.1"
"MANSC1"	"MANSC1"	"54682.1"
"CHIA"	"CHIA"	"27159.1"
"ITPA"	"ITPA"	"3704.1"
"AMY2A"	"AMY2A"	"279.1"
"AMY1B"	"AMY1B"	"277.1"
"DUT"	"DUT"	"1854.1"
"CHIA"	"CHIA"	"27159.2"
"EBP"	"EBP"	"10682.1"
"SLC13A2"	"SLC13A2"	"9058.1"
"AMY1A"	"AMY1A"	"276.2"
"AMY1C"	"AMY1C"	"278.1"
"ECHS1"	"ECHS1"	"1892.1"
"AUH"	"AUH"	"549.1"
"SLC7A9"	"SLC7A9"	"11136.1"
"AMY1A"	"AMY1A"	"276.1"
"SLC3A1"	"SLC3A1"	"6519.1"
"EHHADH"	"EHHADH"	"1962.1"
"AMY2B"	"AMY2B"	"280.1"
"SLC25A1"	"SLC25A1"	"6576.1"
"ECH1"	"ECH1"	"1891.1"
"CKMT2"	"CKMT2"	"1160.1"
"SLC27A2"	"SLC27A2"	"11001.1"
"CKMT1B"	"CKMT1B"	"1159.1"
"CKMT1A"	"CKMT1A"	"548596.1"
"CKB"	"CKB"	"1152.1"
"CKM"	"CKM"	"1158.1"
"SLC26A4"	"SLC26A4"	"5172.1"
"SLC26A6"	"SLC26A6"	"65010.3"
"SLC27A5"	"SLC27A5"	"10998.1"
"AZIN2"	"AZIN2"	"113451.1"
"SLCO1C1"	"SLCO1C1"	"53919.1"
"SLC7A6"	"SLC7A6"	"9057.1"
"ARG2"	"ARG2"	"384.1"
"SLC26A6"	"SLC26A6"	"65010.1"
"SLC26A6"	"SLC26A6"	"65010.2"
"SLCO4A1"	"SLCO4A1"	"28231.1"
"CRLS1"	"CRLS1"	"54675.1"
"ABCC4"	"ABCC4"	"10257.1"
"SLC35A1"	"SLC35A1"	"10559.1"
"ASS1"	"ASS1"	"445.2"
"SLCO3A1"	"SLCO3A1"	"28232.1"
"CMAS"	"CMAS"	"55907.1"
"ETFA"	"ETFA"	"2108.1"
"SLC25A16"	"SLC25A16"	"8034.1"
"ASS1"	"ASS1"	"445.1"
"ETFB"	"ETFB"	"2109.1"
"SLC25A2"	"SLC25A2"	"83884.1"
"ETFB"	"ETFB"	"2109.2"
"SLC25A15"	"SLC25A15"	"10166.1"
"CES2"	"CES2"	"8824.1"
"ARSA"	"ARSA"	"410.1"
"ETFDH"	"ETFDH"	"2110.1"
"COQ3"	"COQ3"	"51805.1"
"ETNK1"	"ETNK1"	"55500.1"
"ASAH1"	"ASAH1"	"427.2"
"ETNK2"	"ETNK2"	"55224.1"
"ASAH1"	"ASAH1"	"427.1"
"COQ6"	"COQ6"	"51004.1"
"TNNI3K"	"TNNI3K"	"51086.1"
"COQ6"	"COQ6"	"51004.2"
"FPGT"	"FPGT"	"8790.1"
"COQ7"	"COQ7"	"10229.1"
"SLC23A2"	"SLC23A2"	"9962.2"
"ACSL3"	"ACSL3"	"2181.1"
"GCNT3"	"GCNT3"	"9245.1"
"GCNT1"	"GCNT1"	"2650.1"
"GCNT4"	"GCNT4"	"51301.1"
"ACSL4"	"ACSL4"	"2182.1"
"SLC23A1"	"SLC23A1"	"9963.2"
"SLC23A1"	"SLC23A1"	"9963.1"
"SLC23A2"	"SLC23A2"	"9962.1"
"ACSL1"	"ACSL1"	"2180.1"
"B3GNT6"	"B3GNT6"	"192134.1"
"ACSL3"	"ACSL3"	"2181.2"
""	""	"386757.1"
"ASRGL1"	"ASRGL1"	"80150.1"
"ACSL5"	"ACSL5"	"51703.1"
"ACSBG2"	"ACSBG2"	"81616.1"
"ACSL6"	"ACSL6"	"23305.1"
"ASNS"	"ASNS"	"440.1"
"SLC6A8"	"SLC6A8"	"6535.1"
"ACSL4"	"ACSL4"	"2182.2"
"CRAT"	"CRAT"	"1384.1"
"ASNS"	"ASNS"	"440.3"
"ACSM1"	"ACSM1"	"116285.1"
"ASNS"	"ASNS"	"440.2"
"SLC22A4"	"SLC22A4"	"6583.1"
"ENPP1"	"ENPP1"	"5167.1"
"CAD"	"CAD"	"790.1"
"ENPP3"	"ENPP3"	"5169.1"
"ELOVL2"	"ELOVL2"	"54898.1"
"SLC1A6"	"SLC1A6"	"6511.1"
"CS"	"CS"	"1431.2"
"CS"	"CS"	"1431.1"
"ELOVL4"	"ELOVL4"	"6785.1"
"SLC1A1"	"SLC1A1"	"6505.1"
"CROT"	"CROT"	"54677.1"
"ELOVL5"	"ELOVL5"	"60481.1"
"CRAT"	"CRAT"	"1384.2"
"SLC1A3"	"SLC1A3"	"6507.1"
"ELOVL6"	"ELOVL6"	"79071.1"
"CRAT"	"CRAT"	"1384.3"
"CYP4A11"	"CYP4A11"	"1579.1"
"SLC1A7"	"SLC1A7"	"6512.1"
"FASN"	"FASN"	"2194.1"
"SLC1A2"	"SLC1A2"	"6506.1"
"SLC27A1"	"SLC27A1"	"376497.2"
"SLC27A1"	"SLC27A1"	"376497.1"
"ATP6V0A4"	"ATP6V0A4"	"50617.1"
"SLC27A4"	"SLC27A4"	"10999.1"
"ATP6V1B1"	"ATP6V1B1"	"525.1"
"SLC27A3"	"SLC27A3"	"11000.1"
"ALDOC"	"ALDOC"	"230.1"
"ATP6V1H"	"ATP6V1H"	"51606.2"
"ALDOA"	"ALDOA"	"226.2"
"ATP6V1G3"	"ATP6V1G3"	"127124.1"
"ATP6V0C"	"ATP6V0C"	"527.1"
"SLC7A5"	"SLC7A5"	"8140.1"
"ALDOB"	"ALDOB"	"229.1"
"ATP6V0A2"	"ATP6V0A2"	"23545.1"
"ALDOA"	"ALDOA"	"226.3"
"ALDOA"	"ALDOA"	"226.1"
"ATP6V1G2"	"ATP6V1G2"	"534.1"
"PFKFB1"	"PFKFB1"	"5207.1"
"ATP6V1C1"	"ATP6V1C1"	"528.2"
"ATP6V1B2"	"ATP6V1B2"	"526.1"
"SLC7A8"	"SLC7A8"	"23428.2"
"SLC7A8"	"SLC7A8"	"23428.1"
"PFKFB2"	"PFKFB2"	"5208.1"
"CDO1"	"CDO1"	"1036.1"
"ATP6V1C2"	"ATP6V1C2"	"245973.1"
"PFKFB4"	"PFKFB4"	"5210.1"
"FBP2"	"FBP2"	"8789.1"
"PFKFB3"	"PFKFB3"	"5209.1"
"SLC43A2"	"SLC43A2"	"124935.1"
"FBP1"	"FBP1"	"2203.1"
"FECH"	"FECH"	"2235.1"
"FECH"	"FECH"	"2235.2"
"SLC7A11"	"SLC7A11"	"23657.1"
"AICDA"	"AICDA"	"57379.1"
"GBA"	"GBA"	"2629.4"
"ALDH1L1"	"ALDH1L1"	"10840.1"
"GBGT1"	"GBGT1"	"26301.1"
"CYBRD1"	"CYBRD1"	"79901.1"
"CDA"	"CDA"	"978.1"
"FUK"	"FUK"	"197258.1"
"UCK2"	"UCK2"	"7371.1"
"UCK1"	"UCK1"	"83549.1"
"ALDH5A1"	"ALDH5A1"	"7915.2"
"AFMID"	"AFMID"	"125061.1"
"ALDH6A1"	"ALDH6A1"	"4329.1"
"CMPK1"	"CMPK1"	"51727.1"
"DHFR"	"DHFR"	"1719.1"
"CMPK2"	"CMPK2"	"129607.1"
"ALDH5A1"	"ALDH5A1"	"7915.1"
"FPGS"	"FPGS"	"2356.1"
"GLDC"	"GLDC"	"2731.1"
"SLC2A8"	"SLC2A8"	"29988.1"
"AMT"	"AMT"	"275.1"
"GCSH"	"GCSH"	"2653.1"
"DGKQ"	"DGKQ"	"1609.1"
"SLC2A7"	"SLC2A7"	"155184.1"
"GCNT2"	"GCNT2"	"2651.1"
"SLC2A2"	"SLC2A2"	"6514.1"
"SLC2A5"	"SLC2A5"	"6518.1"
"DGKZ"	"DGKZ"	"8525.3"
"SLC2A11"	"SLC2A11"	"66035.1"
"SLC35C1"	"SLC35C1"	"55343.1"
"TSTA3"	"TSTA3"	"7264.1"
"DGKZ"	"DGKZ"	"8525.1"
"ALDH1L2"	"ALDH1L2"	"160428.1"
"GGH"	"GGH"	"8836.1"
"MTHFD1"	"MTHFD1"	"4522.1"
"DGKZ"	"DGKZ"	"8525.2"
"MTHFD1L"	"MTHFD1L"	"25902.1"
"DGKG"	"DGKG"	"1608.1"
"GGCT"	"GGCT"	"79017.1"
"FUCA2"	"FUCA2"	"2519.1"
"GYS1"	"GYS1"	"2997.1"
"DGKH"	"DGKH"	"160851.2"
"FUCA1"	"FUCA1"	"2517.1"
"DGKI"	"DGKI"	"9162.1"
"FAH"	"FAH"	"2184.1"
"DGKD"	"DGKD"	"8527.2"
"GYG2"	"GYG2"	"8908.1"
"FH"	"FH"	"2271.1"
"GYG1"	"GYG1"	"2992.1"
"DGKH"	"DGKH"	"160851.1"
"FUT1"	"FUT1"	"2523.1"
"DGKE"	"DGKE"	"8526.1"
"GYS2"	"GYS2"	"2998.1"
"FUT3"	"FUT3"	"2525.1"
"GGT5"	"GGT5"	"2687.1"
"SHMT1"	"SHMT1"	"6470.1"
"DGKD"	"DGKD"	"8527.1"
"DGKA"	"DGKA"	"1606.1"
"SHMT2"	"SHMT2"	"6472.1"
"FUT9"	"FUT9"	"10690.1"
"SHMT1"	"SHMT1"	"6470.2"
"B4GALT5"	"B4GALT5"	"9334.1"
"B4GALT2"	"B4GALT2"	"8704.1"
"GLA"	"GLA"	"2717.1"
"B4GALT2"	"B4GALT2"	"8704.2"
"B4GALT3"	"B4GALT3"	"8703.1"
"GBE1"	"GBE1"	"2632.1"
"B4GALT1"	"B4GALT1"	"2683.1"
"GPD2"	"GPD2"	"2820.1"
"ALDH18A1"	"ALDH18A1"	"5832.1"
"GUSB"	"GUSB"	"2990.1"
"H6PD"	"H6PD"	"9563.1"
"HYAL3"	"HYAL3"	"8372.1"
"HSD11B1"	"HSD11B1"	"3290.1"
"G6PD"	"G6PD"	"2539.1"
"HSD11B2"	"HSD11B2"	"3291.1"
"HSD17B1"	"HSD17B1"	"3292.1"
"GLCE"	"GLCE"	"26035.1"
"SLC37A4"	"SLC37A4"	"2542.1"
"GAMT"	"GAMT"	"2593.2"
"CHPF2"	"CHPF2"	"54480.1"
"EXT2"	"EXT2"	"2132.1"
"HSD17B8"	"HSD17B8"	"7923.1"
"HSD17B2"	"HSD17B2"	"3294.1"
"EXT2"	"EXT2"	"2132.2"
"GAMT"	"GAMT"	"2593.1"
"EXT1"	"EXT1"	"2131.1"
"HSD17B7"	"HSD17B7"	"51478.1"
"GAL3ST1"	"GAL3ST1"	"9514.1"
"HSD3B1"	"HSD3B1"	"3283.1"
"GLB1"	"GLB1"	"2720.1"
"HSD3B2"	"HSD3B2"	"3284.1"
"B3GAT1"	"B3GAT1"	"27087.2"
"NEU1"	"NEU1"	"4758.1"
"B3GAT1"	"B3GAT1"	"27087.1"
"HSD3B7"	"HSD3B7"	"80270.1"
"PDXP"	"PDXP"	"57026.1"
"CTSA"	"CTSA"	"5476.1"
"B3GAT2"	"B3GAT2"	"135152.1"
"GALNS"	"GALNS"	"2588.1"
"B3GAT3"	"B3GAT3"	"26229.1"
"GALC"	"GALC"	"2581.1"
"NAGLU"	"NAGLU"	"4669.1"
"IDH3G"	"IDH3G"	"3421.1"
"B4GALNT1"	"B4GALNT1"	"2583.1"
"CSGALNACT2"	"CSGALNACT2"	"55454.1"
"IDH3B"	"IDH3B"	"3420.2"
"IDH3B"	"IDH3B"	"3420.3"
"NDST1"	"NDST1"	"3340.1"
"NDST2"	"NDST2"	"8509.1"
"NDST3"	"NDST3"	"9348.1"
"CSGALNACT1"	"CSGALNACT1"	"55790.1"
"NDST4"	"NDST4"	"64579.1"
"IDH3A"	"IDH3A"	"3419.1"
"IDH3B"	"IDH3B"	"3420.1"
"CHPF"	"CHPF"	"79586.1"
"IDH3G"	"IDH3G"	"3421.2"
"IDH1"	"IDH1"	"3417.1"
"EXTL3"	"EXTL3"	"2137.1"
"IDH2"	"IDH2"	"3418.1"
"CHSY1"	"CHSY1"	"22856.1"
"CHSY3"	"CHSY3"	"337876.1"
"TPO"	"TPO"	"7173.2"
"TPO"	"TPO"	"7173.5"
"EXTL2"	"EXTL2"	"2135.1"
"EXTL1"	"EXTL1"	"2134.1"
"GALNT10"	"GALNT10"	"55568.1"
"SLC2A9"	"SLC2A9"	"56606.1"
"TPO"	"TPO"	"7173.3"
"GALNT10"	"GALNT10"	"55568.2"
"TPO"	"TPO"	"7173.4"
"TPO"	"TPO"	"7173.1"
"SLC2A9"	"SLC2A9"	"56606.2"
"GALNT2"	"GALNT2"	"2590.1"
"SLC2A12"	"SLC2A12"	"154091.1"
"IDUA"	"IDUA"	"3425.1"
"GALNT3"	"GALNT3"	"2591.1"
"SLC2A14"	"SLC2A14"	"144195.1"
"SLC2A6"	"SLC2A6"	"11182.1"
"GALNT13"	"GALNT13"	"114805.1"
"SLC5A1"	"SLC5A1"	"6523.1"
"BCAT2"	"BCAT2"	"587.1"
"GALNT4"	"GALNT4"	"8693.1"
"GALNT11"	"GALNT11"	"63917.1"
"GALNT9"	"GALNT9"	"50614.1"
"SLC43A1"	"SLC43A1"	"8501.1"
"GALNT1"	"GALNT1"	"2589.1"
"AGL"	"AGL"	"178.3"
"GALNT7"	"GALNT7"	"51809.1"
"AGL"	"AGL"	"178.6"
"AGL"	"AGL"	"178.2"
"MIOX"	"MIOX"	"55586.1"
"SLC2A13"	"SLC2A13"	"114134.1"
"GALNT15"	"GALNT15"	"117248.1"
"GALNT5"	"GALNT5"	"11227.1"
"SLC5A3"	"SLC5A3"	"6526.1"
"AGL"	"AGL"	"178.4"
"GALNT6"	"GALNT6"	"11226.1"
"GALNT12"	"GALNT12"	"79695.1"
"GALNT14"	"GALNT14"	"79623.1"
"AGL"	"AGL"	"178.1"
"IDI1"	"IDI1"	"3422.1"
"IDI2"	"IDI2"	"91734.1"
"GALNT8"	"GALNT8"	"26290.1"
"SLC2A10"	"SLC2A10"	"81031.1"
"AGL"	"AGL"	"178.5"
"B3GALT6"	"B3GALT6"	"126792.1"
"PYGM"	"PYGM"	"5837.1"
"PYGL"	"PYGL"	"5836.1"
"PYGB"	"PYGB"	"5834.1"
"SLC5A8"	"SLC5A8"	"160728.1"
"SUCLG2"	"SUCLG2"	"8801.1"
"B4GALT7"	"B4GALT7"	"11285.1"
"SUCLG1"	"SUCLG1"	"8802.1"
"GCLC"	"GCLC"	"2729.1"
"MGAM"	"MGAM"	"8972.1"
"GART"	"GART"	"2618.1"
"GCLM"	"GCLM"	"2730.1"
"SUCLA2"	"SUCLA2"	"8803.1"
"SLC12A7"	"SLC12A7"	"10723.1"
"GART"	"GART"	"2618.2"
"SLC12A6"	"SLC12A6"	"9990.1"
"GLUD1"	"GLUD1"	"2746.1"
"AGA"	"AGA"	"175.1"
"GBA"	"GBA"	"2629.1"
"SLC12A4"	"SLC12A4"	"6560.1"
"GBA"	"GBA"	"2629.2"
"GLUD2"	"GLUD2"	"2747.1"
"GBA"	"GBA"	"2629.3"
"GBA"	"GBA"	"2629.5"
"OXCT1"	"OXCT1"	"5019.1"
"FTCD"	"FTCD"	"10841.1"
"FTCD"	"FTCD"	"10841.2"
"SLC12A5"	"SLC12A5"	"57468.1"
"KHK"	"KHK"	"3795.1"
"KHK"	"KHK"	"3795.2"
"DBT"	"DBT"	"1629.1"
"SLC9A7"	"SLC9A7"	"84679.1"
"SLC9A8"	"SLC9A8"	"23315.1"
"GLS2"	"GLS2"	"27165.2"
"BCKDHB"	"BCKDHB"	"594.1"
"GLS"	"GLS"	"2744.1"
"GLS2"	"GLS2"	"27165.1"
"KMO"	"KMO"	"8564.1"
"LCT"	"LCT"	"3938.1"
"BCKDHA"	"BCKDHA"	"593.1"
"BCKDHB"	"BCKDHB"	"594.2"
"OPLAH"	"OPLAH"	"26873.1"
"SLC25A22"	"SLC25A22"	"79751.1"
"SLC25A18"	"SLC25A18"	"83733.1"
"OAT"	"OAT"	"4942.1"
"GCDH"	"GCDH"	"2639.1"
"ACP2"	"ACP2"	"53.1"
"LCAT"	"LCAT"	"3931.1"
"UMPS"	"UMPS"	"7372.1"
"GCDH"	"GCDH"	"2639.2"
"SLC17A6"	"SLC17A6"	"57084.1"
"SLC26A3"	"SLC26A3"	"1811.1"
"SLC17A8"	"SLC17A8"	"246213.1"
"SLC17A7"	"SLC17A7"	"57030.1"
"SLC22A10"	"SLC22A10"	"387775.1"
"SLC26A1"	"SLC26A1"	"10861.3"
"SLC26A1"	"SLC26A1"	"10861.2"
"SLC26A2"	"SLC26A2"	"1836.1"
"CYB5D1"	"CYB5D1"	"124637.1"
"HAO2"	"HAO2"	"51179.1"
"HAO2"	"HAO2"	"51179.2"
"SLC26A1"	"SLC26A1"	"10861.1"
"HAO1"	"HAO1"	"54363.1"
"AQP9"	"AQP9"	"366.1"
"CYP11A1"	"CYP11A1"	"1583.1"
"GATM"	"GATM"	"2628.1"
"CYP11B1"	"CYP11B1"	"1584.1"
"CYP11B2"	"CYP11B2"	"1585.1"
"CYP4F8"	"CYP4F8"	"11283.1"
"GRHPR"	"GRHPR"	"9380.1"
"CYP17A1"	"CYP17A1"	"1586.1"
""	""	"2713.1"
"LSS"	"LSS"	"4047.1"
"CYP19A1"	"CYP19A1"	"1588.2"
"LGALS13"	"LGALS13"	"29124.1"
"CYP19A1"	"CYP19A1"	"1588.1"
"PLA2G4A"	"PLA2G4A"	"5321.1"
"GK"	"GK"	"2710.2"
"CYP3A4"	"CYP3A4"	"1576.1"
"GK"	"GK"	"2710.1"
"GK2"	"GK2"	"2712.1"
"CLC"	"CLC"	"1178.1"
"PIPOX"	"PIPOX"	"51268.1"
"CEL"	"CEL"	"1056.1"
"HAGH"	"HAGH"	"3029.1"
"SLC6A9"	"SLC6A9"	"6536.1"
"SLC6A9"	"SLC6A9"	"6536.2"
"CYP21A2"	"CYP21A2"	"1589.1"
"CYP27A1"	"CYP27A1"	"1593.1"
"LIPC"	"LIPC"	"3990.1"
"CYP2A6"	"CYP2A6"	"1548.1"
"PNPLA3"	"PNPLA3"	"80339.1"
"LPL"	"LPL"	"4023.1"
"PGD"	"PGD"	"5226.1"
"CYP2A13"	"CYP2A13"	"1553.1"
"MGLL"	"MGLL"	"11343.1"
"CYP2C18"	"CYP2C18"	"1562.1"
"MGLL"	"MGLL"	"11343.2"
"GNMT"	"GNMT"	"27232.1"
"CYP2C8"	"CYP2C8"	"1558.2"
"GPAM"	"GPAM"	"57678.1"
"CYP2C8"	"CYP2C8"	"1558.1"
"PLA2G3"	"PLA2G3"	"50487.1"
"PIGW"	"PIGW"	"284098.1"
"CYP2C9"	"CYP2C9"	"1559.1"
"PGAP1"	"PGAP1"	"80055.1"
"PIGM"	"PIGM"	"93183.1"
"LRAT"	"LRAT"	"9227.1"
"CYP2D6"	"CYP2D6"	"1565.1"
"PIGX"	"PIGX"	"54965.1"
"CYP2F1"	"CYP2F1"	"1572.1"
"CYP39A1"	"CYP39A1"	"51302.1"
"GSR"	"GSR"	"2936.1"
"SC5D"	"SC5D"	"6309.1"
"CYP3A43"	"CYP3A43"	"64816.3"
"CYP3A43"	"CYP3A43"	"64816.1"
"LTA4H"	"LTA4H"	"4048.1"
"CYP3A43"	"CYP3A43"	"64816.2"
"CYP3A5"	"CYP3A5"	"1577.1"
"LTC4S"	"LTC4S"	"4056.1"
"PRDX1"	"PRDX1"	"5052.1"
"PRDX2"	"PRDX2"	"7001.3"
"CYP3A7"	"CYP3A7"	"1551.1"
"PRDX2"	"PRDX2"	"7001.1"
"MGST3"	"MGST3"	"4259.1"
"CYP46A1"	"CYP46A1"	"10858.1"
"LTC4S"	"LTC4S"	"4056.2"
"GPX1"	"GPX1"	"2876.1"
"CYP4F12"	"CYP4F12"	"66002.1"
"PRDX1"	"PRDX1"	"5052.3"
"PRDX2"	"PRDX2"	"7001.2"
"CYP4F2"	"CYP4F2"	"8529.1"
"GPX4"	"GPX4"	"2879.1"
"MGST2"	"MGST2"	"4258.1"
"CYP4F3"	"CYP4F3"	"4051.1"
"GPX1"	"GPX1"	"2876.2"
"CYP7B1"	"CYP7B1"	"9420.1"
"PRDX1"	"PRDX1"	"5052.2"
"CYP8B1"	"CYP8B1"	"1582.1"
"GPX2"	"GPX2"	"2877.1"
"PYCR1"	"PYCR1"	"5831.1"
"GPX3"	"GPX3"	"2878.1"
"GSTZ1"	"GSTZ1"	"2954.3"
"PYCR1"	"PYCR1"	"5831.2"
"GSTZ1"	"GSTZ1"	"2954.1"
"GPX6"	"GPX6"	"257202.1"
"GPX7"	"GPX7"	"2882.1"
"GSTZ1"	"GSTZ1"	"2954.2"
"PAFAH1B1"	"PAFAH1B1"	"5048.1"
"GAA"	"GAA"	"2548.1"
"PRDX3"	"PRDX3"	"10935.1"
"PRDX3"	"PRDX3"	"10935.2"
"PAFAH2"	"PAFAH2"	"5051.1"
"PAFAH1B3"	"PAFAH1B3"	"5050.1"
"GSS"	"GSS"	"2937.1"
"PAFAH1B2"	"PAFAH1B2"	"5049.1"
"MCCC2"	"MCCC2"	"64087.1"
"PLA2G7"	"PLA2G7"	"7941.1"
"MCCC1"	"MCCC1"	"56922.1"
"MLYCD"	"MLYCD"	"23417.1"
"GGT1"	"GGT1"	"2678.3"
"SLC35B2"	"SLC35B2"	"347734.1"
"ATP10A"	"ATP10A"	"57194.1"
"GGT1"	"GGT1"	"2678.2"
"PLD1"	"PLD1"	"5337.1"
"GGT1"	"GGT1"	"2678.1"
"MPST"	"MPST"	"4357.1"
"PLD2"	"PLD2"	"5338.1"
""	""	"2679.1"
"MDH1"	"MDH1"	"4190.1"
"ACMSD"	"ACMSD"	"130013.1"
"MDH2"	"MDH2"	"4191.1"
"ME2"	"ME2"	"4200.1"
"NPR1"	"NPR1"	"4881.1"
"PC"	"PC"	"5091.2"
"NPR2"	"NPR2"	"4882.1"
"GUCY2C"	"GUCY2C"	"2984.1"
""	""	"2974.1"
"GUCY1A3"	"GUCY1A3"	"2982.1"
"GUCY2F"	"GUCY2F"	"2986.1"
"ME1"	"ME1"	"4199.1"
"ME3"	"ME3"	"10873.1"
"IDO1"	"IDO1"	"3620.1"
"GUCY1B3"	"GUCY1B3"	"2983.1"
"PC"	"PC"	"5091.1"
"GUCY2D"	"GUCY2D"	"3000.1"
"CYP2C19"	"CYP2C19"	"1557.1"
"CYP1B1"	"CYP1B1"	"1545.1"
"NPR2"	"NPR2"	"4882.2"
"ABCB4"	"ABCB4"	"5244.2"
"GUCY1A2"	"GUCY1A2"	"2977.1"
"CYP1A1"	"CYP1A1"	"1543.1"
"ABCB4"	"ABCB4"	"5244.3"
"CYP1A2"	"CYP1A2"	"1544.1"
"GDA"	"GDA"	"9615.1"
"MAT2A"	"MAT2A"	"4144.1"
"ABCB4"	"ABCB4"	"5244.1"
"MAT1A"	"MAT1A"	"4143.1"
"PDE7A"	"PDE7A"	"5150.1"
"MAT2B"	"MAT2B"	"27430.1"
"MAT2B"	"MAT2B"	"27430.2"
"MTR"	"MTR"	"4548.1"
"CA5A"	"CA5A"	"763.1"
"PDE4C"	"PDE4C"	"5143.1"
"CA5B"	"CA5B"	"11238.1"
"MVK"	"MVK"	"4598.1"
"PDE1C"	"PDE1C"	"5137.1"
"INPPL1"	"INPPL1"	"3636.1"
"PDE8A"	"PDE8A"	"5151.1"
"PIGN"	"PIGN"	"23556.1"
"PDE8A"	"PDE8A"	"5151.4"
"PIGN"	"PIGN"	"23556.2"
"PIGV"	"PIGV"	"55650.1"
"INPP5D"	"INPP5D"	"3635.1"
"PDE7A"	"PDE7A"	"5150.2"
"INPP5B"	"INPP5B"	"3633.1"
"SYNJ1"	"SYNJ1"	"8867.2"
"PDE3B"	"PDE3B"	"5140.2"
"INPP5J"	"INPP5J"	"27124.1"
"DUOX1"	"DUOX1"	"53905.1"
"PDE8A"	"PDE8A"	"5151.3"
"DUOX2"	"DUOX2"	"50506.1"
"DUOX1"	"DUOX1"	"53905.2"
"PDE4B"	"PDE4B"	"5142.1"
"AQP8"	"AQP8"	"343.1"
"PIGF"	"PIGF"	"5281.2"
"INPP5J"	"INPP5J"	"27124.2"
"SYNJ1"	"SYNJ1"	"8867.1"
"INPP5A"	"INPP5A"	"3632.1"
"PDE10A"	"PDE10A"	"10846.1"
"PIGO"	"PIGO"	"84720.2"
"PIGF"	"PIGF"	"5281.1"
"PDE8A"	"PDE8A"	"5151.2"
"PIGO"	"PIGO"	"84720.1"
"INPP5E"	"INPP5E"	"56623.1"
"PDE4A"	"PDE4A"	"5141.1"
"PDE8B"	"PDE8B"	"8622.1"
"INPP1"	"INPP1"	"3628.1"
"ITPKB"	"ITPKB"	"3707.1"
"PIGG"	"PIGG"	"54872.1"
"PIGZ"	"PIGZ"	"80235.1"
"PDE4D"	"PDE4D"	"5144.1"
"ITPKA"	"ITPKA"	"3706.1"
"PDE1B"	"PDE1B"	"5153.1"
"ITPKC"	"ITPKC"	"80271.1"
"PIGS"	"PIGS"	"94005.1"
"PDE7B"	"PDE7B"	"27115.1"
"PIGU"	"PIGU"	"128869.1"
"ISYNA1"	"ISYNA1"	"51477.1"
"PDE8A"	"PDE8A"	"5151.5"
"PDE3B"	"PDE3B"	"5140.1"
"PIGK"	"PIGK"	"10026.1"
"PDE2A"	"PDE2A"	"5138.1"
"PIGT"	"PIGT"	"51604.1"
"INPP4A"	"INPP4A"	"3631.2"
"PDE3A"	"PDE3A"	"5139.1"
"INPP4B"	"INPP4B"	"8821.1"
"INPP4A"	"INPP4A"	"3631.1"
"PDE11A"	"PDE11A"	"50940.1"
"GANC"	"GANC"	"2595.1"
"MCEE"	"MCEE"	"84693.1"
"GPAA1"	"GPAA1"	"8733.1"
"PDE1A"	"PDE1A"	"5136.1"
"MUT"	"MUT"	"4594.1"
"PDE1A"	"PDE1A"	"5136.2"
"HSD17B10"	"HSD17B10"	"3028.1"
"PDE9A"	"PDE9A"	"5152.14"
"HADH"	"HADH"	"3033.1"
"HAS2"	"HAS2"	"3037.1"
"MOGAT2"	"MOGAT2"	"80168.1"
"MOGAT1"	"MOGAT1"	"116255.1"
"PDE6C"	"PDE6C"	"5146.1"
"MTAP"	"MTAP"	"4507.1"
"HAS3"	"HAS3"	"3038.1"
"HAS3"	"HAS3"	"3038.2"
"PDE9A"	"PDE9A"	"5152.1"
"HAS1"	"HAS1"	"3036.1"
"COQ2"	"COQ2"	"27235.1"
"PDE9A"	"PDE9A"	"5152.12"
"SLC4A1"	"SLC4A1"	"6521.1"
"SLC4A9"	"SLC4A9"	"83697.1"
"MTHFD2"	"MTHFD2"	"10797.1"
"C1GALT1"	"C1GALT1"	"56913.1"
"PDE9A"	"PDE9A"	"5152.15"
"ASPA"	"ASPA"	"443.1"
"PDE9A"	"PDE9A"	"5152.4"
"ACY3"	"ACY3"	"91703.1"
"PDE9A"	"PDE9A"	"5152.3"
"SLC4A2"	"SLC4A2"	"6522.1"
"SLC4A3"	"SLC4A3"	"6508.1"
"PDE6A"	"PDE6A"	"5145.1"
"SLC4A3"	"SLC4A3"	"6508.2"
"PDE9A"	"PDE9A"	"5152.5"
"NAGA"	"NAGA"	"4668.1"
"SLC4A8"	"SLC4A8"	"9498.1"
"SLC4A10"	"SLC4A10"	"57282.1"
"SLC5A5"	"SLC5A5"	"6528.1"
"HK1"	"HK1"	"3098.5"
"HKDC1"	"HKDC1"	"80201.1"
"HK1"	"HK1"	"3098.2"
"PDE9A"	"PDE9A"	"5152.17"
"HK1"	"HK1"	"3098.4"
"PDE9A"	"PDE9A"	"5152.18"
"PDE5A"	"PDE5A"	"8654.1"
"GCK"	"GCK"	"2645.1"
"PDE5A"	"PDE5A"	"8654.3"
"GCK"	"GCK"	"2645.3"
"ATP1B3"	"ATP1B3"	"483.1"
"PDE9A"	"PDE9A"	"5152.16"
"HK3"	"HK3"	"3101.1"
"PDE6H"	"PDE6H"	"5149.1"
"HK1"	"HK1"	"3098.3"
"ATP1A3"	"ATP1A3"	"478.1"
"PDE5A"	"PDE5A"	"8654.2"
"ATP1A4"	"ATP1A4"	"480.1"
"ATP1B1"	"ATP1B1"	"481.1"
"HK1"	"HK1"	"3098.1"
"GCK"	"GCK"	"2645.2"
"HK2"	"HK2"	"3099.1"
"PDE6D"	"PDE6D"	"5147.1"
"ATP1B2"	"ATP1B2"	"482.1"
"ATP1A1"	"ATP1A1"	"476.1"
"PDE9A"	"PDE9A"	"5152.6"
"ATP1A2"	"ATP1A2"	"477.1"
"PDE9A"	"PDE9A"	"5152.19"
"ATP1B4"	"ATP1B4"	"23439.1"
"HGD"	"HGD"	"3081.1"
"HIBADH"	"HIBADH"	"11112.1"
"PDE9A"	"PDE9A"	"5152.13"
"HDC"	"HDC"	"3067.1"
"SLC9A2"	"SLC9A2"	"6549.1"
"PDE9A"	"PDE9A"	"5152.2"
"SLC9A3"	"SLC9A3"	"6550.1"
"PDE6G"	"PDE6G"	"5148.1"
"PDE9A"	"PDE9A"	"5152.11"
"ATP4B"	"ATP4B"	"496.1"
"SLC9A1"	"SLC9A1"	"6548.1"
"PDE9A"	"PDE9A"	"5152.7"
"ATP4A"	"ATP4A"	"495.1"
"CNDP2"	"CNDP2"	"55748.1"
"PDE6B"	"PDE6B"	"5158.1"
"CNDP1"	"CNDP1"	"84735.1"
"PDE9A"	"PDE9A"	"5152.2"
"SLC12A3"	"SLC12A3"	"6559.1"
"KYNU"	"KYNU"	"8942.1"
"PDE9A"	"PDE9A"	"5152.1"
"PDHB"	"PDHB"	"5162.1"
"HMGCS1"	"HMGCS1"	"3157.2"
"PDHA2"	"PDHA2"	"5161.1"
"HMGCS1"	"HMGCS1"	"3157.1"
"SLC24A4"	"SLC24A4"	"123041.2"
"DLAT"	"DLAT"	"1737.1"
"SLC24A4"	"SLC24A4"	"123041.3"
"HMGCS2"	"HMGCS2"	"3158.1"
"PDHA1"	"PDHA1"	"5160.1"
"SLC24A4"	"SLC24A4"	"123041.1"
"PNPO"	"PNPO"	"55163.1"
"SLC24A2"	"SLC24A2"	"25769.1"
"HMGCLL1"	"HMGCLL1"	"54511.1"
"ATP8A1"	"ATP8A1"	"10396.1"
"SLC24A3"	"SLC24A3"	"57419.1"
"SLC24A1"	"SLC24A1"	"9187.1"
"PCK1"	"PCK1"	"5105.1"
"CANT1"	"CANT1"	"124583.1"
"HMGCL"	"HMGCL"	"3155.1"
"PCK2"	"PCK2"	"5106.1"
"HMOX1"	"HMOX1"	"3162.1"
"HMOX2"	"HMOX2"	"3163.1"
"DCTPP1"	"DCTPP1"	"79077.1"
"ACOX3"	"ACOX3"	"8310.1"
"ENTPD4"	"ENTPD4"	"9583.1"
""	""	"26062.1"
"LDHD"	"LDHD"	"197257.1"
"PCYT2"	"PCYT2"	"5833.1"
"LDHD"	"LDHD"	"197257.2"
"DTYMK"	"DTYMK"	"1841.1"
"PEMT"	"PEMT"	"10400.3"
"SGSH"	"SGSH"	"6448.1"
"PEMT"	"PEMT"	"10400.2"
"HSD11B1"	"HSD11B1"	"3290.2"
"PEMT"	"PEMT"	"10400.1"
"NME7"	"NME7"	"29922.1"
"PHGDH"	"PHGDH"	"26227.1"
"NME6"	"NME6"	"10201.1"
"PTGDS"	"PTGDS"	"5730.1"
"NME1"	"NME1"	"4830.2"
"HPGDS"	"HPGDS"	"27306.1"
"PTGES2"	"PTGES2"	"80142.1"
"NME2"	"NME2"	"4831.1"
"PTGES2"	"PTGES2"	"80142.2"
"NME7"	"NME7"	"29922.2"
"PTGES2"	"PTGES2"	"80142.3"
"NME3"	"NME3"	"4832.1"
"NME1"	"NME1"	"4830.1"
"PIKFYVE"	"PIKFYVE"	"200576.2"
"PIP4K2B"	"PIP4K2B"	"8396.2"
"PTGES"	"PTGES"	"9536.2"
"PTGES2"	"PTGES2"	"80142.4"
"NME4"	"NME4"	"4833.1"
"PTGES"	"PTGES"	"9536.1"
"RHAG"	"RHAG"	"6005.1"
"PIP4K2C"	"PIP4K2C"	"79837.1"
"PTGIS"	"PTGIS"	"5740.1"
"PIK3C3"	"PIK3C3"	"5289.1"
"RHBG"	"RHBG"	"57127.1"
"SLC12A1"	"SLC12A1"	"6557.1"
"PIGA"	"PIGA"	"5277.2"
"PTPMT1"	"PTPMT1"	"114971.1"
"SLC12A2"	"SLC12A2"	"6558.1"
"NMNAT3"	"NMNAT3"	"349565.1"
"PGS1"	"PGS1"	"9489.1"
"NMNAT1"	"NMNAT1"	"64802.1"
"NMNAT2"	"NMNAT2"	"23057.2"
"DPM2"	"DPM2"	"8818.1"
"PTGS2"	"PTGS2"	"5743.1"
"NMNAT2"	"NMNAT2"	"23057.1"
"PTGS1"	"PTGS1"	"5742.1"
"NAMPT"	"NAMPT"	"10135.1"
"TAT"	"TAT"	"6898.1"
"PAH"	"PAH"	"5053.1"
"PIGH"	"PIGH"	"5283.1"
"PHYH"	"PHYH"	"5264.1"
"DPM2"	"DPM2"	"8818.2"
"PIGA"	"PIGA"	"5277.3"
"NNMT"	"NNMT"	"4837.1"
"PNMT"	"PNMT"	"5409.1"
"PTEN"	"PTEN"	"5728.1"
""	""	"645740.1"
"SYNJ2"	"SYNJ2"	"8871.1"
"PIGA"	"PIGA"	"5277.1"
"PIGP"	"PIGP"	"51227.2"
"PIP5K1B"	"PIP5K1B"	"8395.1"
"PIGQ"	"PIGQ"	"9091.2"
"NOS1"	"NOS1"	"4842.1"
"PIP5K1C"	"PIP5K1C"	"23396.1"
"NOS2"	"NOS2"	"4843.2"
"PIGC"	"PIGC"	"5279.2"
"PIGQ"	"PIGQ"	"9091.1"
"PIP5K1A"	"PIP5K1A"	"8394.1"
"PIGP"	"PIGP"	"51227.1"
"NOS2"	"NOS2"	"4843.1"
"PI4K2A"	"PI4K2A"	"55361.1"
""	""	"201288.1"
"NOS3"	"NOS3"	"4846.1"
"PI4KA"	"PI4KA"	"5297.1"
"PNP"	"PNP"	"4860.1"
"PIGP"	"PIGP"	"51227.3"
"PI4KB"	"PI4KB"	"5298.1"
"PIGC"	"PIGC"	"5279.1"
"PIK3CG"	"PIK3CG"	"5294.1"
"PLA2G4E"	"PLA2G4E"	"123745.1"
"PIK3CA"	"PIK3CA"	"5290.1"
"SLC22A1"	"SLC22A1"	"6580.1"
"PIK3R1"	"PIK3R1"	"5295.3"
"HCST"	"HCST"	"10870.1"
"PIK3R1"	"PIK3R1"	"5295.1"
"ST6GALNAC1"	"ST6GALNAC1"	"55808.1"
"PHEX"	"PHEX"	"5251.1"
"PLA2G2A"	"PLA2G2A"	"5320.1"
"PIK3R3"	"PIK3R3"	"8503.1"
"NT5C"	"NT5C"	"30833.1"
"PLA2G12A"	"PLA2G12A"	"81579.1"
"PIK3R1"	"PIK3R1"	"5295.2"
"NT5M"	"NT5M"	"56953.1"
"PIK3R5"	"PIK3R5"	"23533.1"
"PLA2G6"	"PLA2G6"	"8398.2"
"PIK3R2"	"PIK3R2"	"5296.1"
"PLA2G5"	"PLA2G5"	"5322.1"
"NT5E"	"NT5E"	"4907.1"
"PIK3CB"	"PIK3CB"	"5291.1"
"ITPA"	"ITPA"	"3704.2"
"PIK3CD"	"PIK3CD"	"5293.1"
"SI"	"SI"	"6476.1"
"OTC"	"OTC"	"5009.1"
"PLA2G6"	"PLA2G6"	"8398.1"
"OCRL"	"OCRL"	"4952.2"
"PLA2G2F"	"PLA2G2F"	"64600.1"
"OCRL"	"OCRL"	"4952.1"
"OXCT2"	"OXCT2"	"64064.1"
"PLCB1"	"PLCB1"	"23236.1"
"PLA2G4B"	"PLA2G4B"	"100137049.1"
"PLCB1"	"PLCB1"	"23236.2"
"PLA2G2E"	"PLA2G2E"	"30814.1"
"PLA2G2D"	"PLA2G2D"	"26279.1"
"PLCG1"	"PLCG1"	"5335.2"
"PLA2G10"	"PLA2G10"	"8399.1"
"PLCB4"	"PLCB4"	"5332.1"
"PLCXD2"	"PLCXD2"	"257068.1"
"PLA2G1B"	"PLA2G1B"	"5319.1"
"ST8SIA1"	"ST8SIA1"	"6489.1"
"PLCG2"	"PLCG2"	"5336.1"
"PLCH1"	"PLCH1"	"23007.1"
"ST8SIA5"	"ST8SIA5"	"29906.1"
"PLCL1"	"PLCL1"	"5334.1"
"PMVK"	"PMVK"	"10654.1"
"PLCH2"	"PLCH2"	"9651.1"
"IP6K1"	"IP6K1"	"9807.2"
"STS"	"STS"	"412.1"
"PLCE1"	"PLCE1"	"51196.1"
"IP6K3"	"IP6K3"	"117283.1"
"PLCB3"	"PLCB3"	"5331.1"
"IP6K1"	"IP6K1"	"9807.1"
"PLCD4"	"PLCD4"	"84812.1"
"PLCB2"	"PLCB2"	"5330.1"
"SDHC"	"SDHC"	"6391.1"
"PLCD3"	"PLCD3"	"113026.1"
"SDHD"	"SDHD"	"6392.1"
"SDHB"	"SDHB"	"6390.1"
"IP6K2"	"IP6K2"	"51447.2"
"PLCD1"	"PLCD1"	"5333.1"
"IP6K2"	"IP6K2"	"51447.1"
"IP6K2"	"IP6K2"	"51447.6"
"SDHA"	"SDHA"	"6389.1"
"SUOX"	"SUOX"	"6821.1"
"PLCZ1"	"PLCZ1"	"89869.1"
"IP6K2"	"IP6K2"	"51447.5"
"PLCG1"	"PLCG1"	"5335.1"
"IP6K2"	"IP6K2"	"51447.4"
"SLC6A6"	"SLC6A6"	"6533.1"
"PLCB4"	"PLCB4"	"5332.2"
"IP6K2"	"IP6K2"	"51447.3"
"PIK3C2G"	"PIK3C2G"	"5288.1"
"VNN3"	"VNN3"	"55350.3"
"PCBD1"	"PCBD1"	"5092.1"
"PCBD1"	"PCBD1"	"5092.2"
"PIK3C2B"	"PIK3C2B"	"5287.1"
"NNT"	"NNT"	"23530.2"
"PIK3C2A"	"PIK3C2A"	"5286.1"
"PIP4K2B"	"PIP4K2B"	"8396.1"
"NNT"	"NNT"	"23530.1"
"VNN1"	"VNN1"	"8876.1"
"PIKFYVE"	"PIKFYVE"	"200576.3"
"PIKFYVE"	"PIKFYVE"	"200576.1"
"VNN3"	"VNN3"	"55350.1"
"THTPA"	"THTPA"	"79178.1"
"PIP4K2A"	"PIP4K2A"	"5305.1"
"VNN2"	"VNN2"	"8875.1"
"TPSB2"	"TPSB2"	"64499.1"
"VNN3"	"VNN3"	"55350.2"
"VNN2"	"VNN2"	"8875.2"
"SLC16A2"	"SLC16A2"	"6567.1"
"TPSAB1"	"TPSAB1"	"7177.1"
"TYMP"	"TYMP"	"1890.1"
"PPA2"	"PPA2"	"27068.2"
"ACE"	"ACE"	"1636.1"
"PPA2"	"PPA2"	"27068.3"
"KL"	"KL"	"9365.1"
"B4GALT6"	"B4GALT6"	"9331.1"
"PPA2"	"PPA2"	"27068.1"
"TMLHE"	"TMLHE"	"55217.1"
"UGT8"	"UGT8"	"7368.1"
"TXNRD1"	"TXNRD1"	"7296.2"
"PPA2"	"PPA2"	"27068.4"
"PLPP3"	"PLPP3"	"8613.1"
"PKM"	"PKM"	"5315.1"
"PLPP1"	"PLPP1"	"8611.1"
"PLPP1"	"PLPP1"	"8611.2"
"TXNRD1"	"TXNRD1"	"7296.1"
"TXNRD1"	"TXNRD1"	"7296.4"
"TXNRD1"	"TXNRD1"	"7296.3"
"DECR2"	"DECR2"	"26063.1"
"PLPP2"	"PLPP2"	"8612.1"
"DECR1"	"DECR1"	"1666.1"
"CBR3"	"CBR3"	"874.1"
"PPOX"	"PPOX"	"5498.1"
"TREH"	"TREH"	"11181.1"
"DHRS4"	"DHRS4"	"10901.1"
"CYP4F22"	"CYP4F22"	"126410.1"
"ATHL1"	"ATHL1"	"80162.1"
"TPH1"	"TPH1"	"7166.1"
"EPX"	"EPX"	"8288.1"
"EPHX2"	"EPHX2"	"2053.1"
"PRDX6"	"PRDX6"	"9588.1"
"TPH2"	"TPH2"	"121278.1"
"MTMR3"	"MTMR3"	"8897.3"
"MPO"	"MPO"	"4353.1"
"MTMR2"	"MTMR2"	"8898.1"
"SULT2B1"	"SULT2B1"	"6820.2"
"MTMR3"	"MTMR3"	"8897.2"
"IDO2"	"IDO2"	"169355.1"
"MTMR3"	"MTMR3"	"8897.1"
"TDO2"	"TDO2"	"6999.1"
"GPX5"	"GPX5"	"2880.1"
"PRODH"	"PRODH"	"5625.1"
"SLC6A5"	"SLC6A5"	"9152.1"
"SLCO2A1"	"SLCO2A1"	"6578.1"
"SLC13A1"	"SLC13A1"	"6561.1"
"SLC4A7"	"SLC4A7"	"9497.1"
"SLC5A11"	"SLC5A11"	"115584.1"
"SLC20A2"	"SLC20A2"	"6575.1"
"TBXAS1"	"TBXAS1"	"6916.1"
"PISD"	"PISD"	"23761.1"
"SLC20A1"	"SLC20A1"	"6574.1"
"TH"	"TH"	"7054.2"
"SLC34A3"	"SLC34A3"	"142680.1"
"TH"	"TH"	"7054.1"
"PTDSS1"	"PTDSS1"	"9791.1"
"SLC6A7"	"SLC6A7"	"6534.1"
"PTDSS2"	"PTDSS2"	"81490.1"
"ACOT8"	"ACOT8"	"10005.3"
"TH"	"TH"	"7054.3"
"HSD17B3"	"HSD17B3"	"3293.1"
"DBI"	"DBI"	"1622.1"
"ABCD2"	"ABCD2"	"225.1"
"TYRP1"	"TYRP1"	"7306.1"
"ACOT8"	"ACOT8"	"10005.1"
"ACOT2"	"ACOT2"	"10965.1"
"SLC27A6"	"SLC27A6"	"28965.1"
"ACOT8"	"ACOT8"	"10005.2"
"ACOT4"	"ACOT4"	"122970.1"
"GNE"	"GNE"	"10020.1"
"ACSBG1"	"ACSBG1"	"23205.1"
"PTS"	"PTS"	"5805.1"
"HACL1"	"HACL1"	"26061.1"
"SAT2"	"SAT2"	"112483.1"
"SAT1"	"SAT1"	"6303.1"
"ALG5"	"ALG5"	"29880.1"
"SLC6A20"	"SLC6A20"	"54716.1"
"SLC35A2"	"SLC35A2"	"7355.1"
"SLC15A1"	"SLC15A1"	"6564.1"
"PDXK"	"PDXK"	"8566.1"
"SLC46A1"	"SLC46A1"	"113235.1"
"UPP2"	"UPP2"	"151531.1"
"TPP1"	"TPP1"	"1200.1"
"FABP1"	"FABP1"	"2168.1"
"UGDH"	"UGDH"	"7358.1"
"SLC35D1"	"SLC35D1"	"23169.1"
"LAP3"	"LAP3"	"51056.1"
"UPP1"	"UPP1"	"7378.2"
"SLC22A13"	"SLC22A13"	"9390.1"
"UPP1"	"UPP1"	"7378.1"
"UXS1"	"UXS1"	"80146.1"
"PEPD"	"PEPD"	"5184.1"
"SLC11A2"	"SLC11A2"	"4891.1"
"ENPP2"	"ENPP2"	"5168.1"
"GSTM1"	"GSTM1"	"2944.2"
"SLC40A1"	"SLC40A1"	"30061.1"
"GSTM1"	"GSTM1"	"2944.1"
"SLC35B4"	"SLC35B4"	"84912.1"
"ALPI"	"ALPI"	"248.1"
"RBKS"	"RBKS"	"64080.1"
"MTHFR"	"MTHFR"	"4524.1"
"LALBA"	"LALBA"	"3906.1"
"PYCRL"	"PYCRL"	"65263.1"
"RDH16"	"RDH16"	"8608.1"
"PGLS"	"PGLS"	"25796.1"
"RDH5"	"RDH5"	"5959.1"
"UGCG"	"UGCG"	"7357.1"
"FLVCR1"	"FLVCR1"	"28982.1"
"RPE"	"RPE"	"6120.2"
"SLC35D2"	"SLC35D2"	"11046.1"
"UGT1A8"	"UGT1A8"	"54576.1"
"UGT1A10"	"UGT1A10"	"54575.1"
"RDH11"	"RDH11"	"51109.1"
"RPE"	"RPE"	"6120.1"
"RDH10"	"RDH10"	"157506.1"
"UGT1A6"	"UGT1A6"	"54578.1"
"UGT1A5"	"UGT1A5"	"54579.1"
"SLC22A7"	"SLC22A7"	"10864.1"
"SLC22A6"	"SLC22A6"	"9356.1"
"UGT1A4"	"UGT1A4"	"54657.1"
"SDR16C5"	"SDR16C5"	"195814.1"
"SLC22A8"	"SLC22A8"	"9376.1"
"RDH13"	"RDH13"	"112724.1"
"RDH8"	"RDH8"	"50700.1"
"UGT1A1"	"UGT1A1"	"54658.1"
"SLC6A18"	"SLC6A18"	"348932.1"
"UGT1A3"	"UGT1A3"	"54659.1"
"UGT1A7"	"UGT1A7"	"54577.1"
"RDH14"	"RDH14"	"57665.1"
"SLC36A4"	"SLC36A4"	"120103.1"
"CFTR"	"CFTR"	"1080.1"
"ABCC11"	"ABCC11"	"85320.1"
"RDH12"	"RDH12"	"145226.1"
"UGT1A9"	"UGT1A9"	"54600.1"
"SLC29A4"	"SLC29A4"	"222962.1"
"PNPLA4"	"PNPLA4"	"8228.1"
"SLC52A3"	"SLC52A3"	"113278.1"
"ABCA8"	"ABCA8"	"10351.1"
"NMRK1"	"NMRK1"	"54981.1"
"UGT2B7"	"UGT2B7"	"7364.1"
"ABCG2"	"ABCG2"	"9429.1"
"UGT2B17"	"UGT2B17"	"7367.1"
"SLC22A11"	"SLC22A11"	"55867.1"
"UGT2B28"	"UGT2B28"	"54490.1"
"AQP7"	"AQP7"	"364.1"
"UGT2B15"	"UGT2B15"	"7366.1"
"ST3GAL1"	"ST3GAL1"	"6482.2"
"AQP3"	"AQP3"	"360.1"
"ST3GAL4"	"ST3GAL4"	"6484.1"
"ST3GAL1"	"ST3GAL1"	"6482.1"
"UGT2B4"	"UGT2B4"	"7363.1"
"AQP10"	"AQP10"	"89872.1"
"UGT2B10"	"UGT2B10"	"7365.1"
"ST3GAL2"	"ST3GAL2"	"6483.1"
"ABCA3"	"ABCA3"	"21.1"
"UGT2B11"	"UGT2B11"	"10720.1"
"ABCA4"	"ABCA4"	"24.1"
"UCKL1"	"UCKL1"	"54963.1"
"ABCC5"	"ABCC5"	"10057.2"
"SLC5A10"	"SLC5A10"	"125206.1"
"XDH"	"XDH"	"7498.1"
"UST"	"UST"	"10090.1"
"SLC5A9"	"SLC5A9"	"200010.1"
"HS2ST1"	"HS2ST1"	"9653.1"
"XYLB"	"XYLB"	"9942.1"
"SLC5A2"	"SLC5A2"	"6524.1"
"SLC5A12"	"SLC5A12"	"159963.1"
"XYLT1"	"XYLT1"	"64131.1"
"SLC52A1"	"SLC52A1"	"55065.1"
"XYLT2"	"XYLT2"	"64132.1"
"IDS"	"IDS"	"3423.2"
"SLC52A2"	"SLC52A2"	"79581.1"
"IDS"	"IDS"	"3423.1"
"ABCC9"	"ABCC9"	"10060.1"
"HS3ST1"	"HS3ST1"	"9957.1"
"DCXR"	"DCXR"	"51181.1"
"ABCC8"	"ABCC8"	"6833.1"
"HS3ST4"	"HS3ST4"	"9951.1"
"KCNJ8"	"KCNJ8"	"3764.1"
"HS3ST5"	"HS3ST5"	"222537.1"
"LHPP"	"LHPP"	"64077.1"
"KCNJ11"	"KCNJ11"	"3767.1"
"PPA1"	"PPA1"	"5464.1"
"STRA6"	"STRA6"	"64220.1"
"MGEA5"	"MGEA5"	"10724.1"
"RBP4"	"RBP4"	"5950.1"
"CP"	"CP"	"1356.1"
"FTH1"	"FTH1"	"2495.1"
"HS3ST2"	"HS3ST2"	"9956.1"
"RBP1"	"RBP1"	"5947.1"
"HS3ST3A1"	"HS3ST3A1"	"9955.1"
"FTL"	"FTL"	"2512.1"
"FTMT"	"FTMT"	"94033.1"
"RBP2"	"RBP2"	"5948.1"
"NPC1L1"	"NPC1L1"	"29881.1"
"CYB5R3"	"CYB5R3"	"1727.1"
"HS3ST3B1"	"HS3ST3B1"	"9953.1"
"HS3ST6"	"HS3ST6"	"64711.1"
"SCARB1"	"SCARB1"	"949.1"
"FOLR2"	"FOLR2"	"2350.1"
"CHST12"	"CHST12"	"55501.1"
"CYB5R1"	"CYB5R1"	"51706.1"
"HPGD"	"HPGD"	"3248.1"
"CYB5R2"	"CYB5R2"	"51700.1"
"SGMS2"	"SGMS2"	"166929.1"
"TXNRD2"	"TXNRD2"	"10587.1"
"CHST13"	"CHST13"	"166012.1"
"CHST14"	"CHST14"	"113189.1"
"GPCPD1"	"GPCPD1"	"56261.1"
"CHST11"	"CHST11"	"50515.1"
"COASY"	"COASY"	"80347.1"
"IREB2"	"IREB2"	"3658.1"
"NT5C1B"	"NT5C1B"	"93034.1"
"NT5C1A"	"NT5C1A"	"84618.1"
"ARSB"	"ARSB"	"411.2"
"AK1"	"AK1"	"203.1"
"ARSB"	"ARSB"	"411.1"
"NT5C2"	"NT5C2"	"22978.1"
"AK7"	"AK7"	"122481.1"
"NT5C1B-RDH14"	"NT5C1B-RDH14"	"100526794.1"
"ADSS"	"ADSS"	"159.1"
"NT5C3A"	"NT5C3A"	"51251.1"
"CHST5"	"CHST5"	"23563.2"
"ADSSL1"	"ADSSL1"	"122622.2"
"ADSSL1"	"ADSSL1"	"122622.1"
"CHST4"	"CHST4"	"10164.1"
"APRT"	"APRT"	"353.1"
"PROSC"	"PROSC"	"11212.1"
"HPRT1"	"HPRT1"	"3251.1"
"ARG1"	"ARG1"	"383.1"
"CHST2"	"CHST2"	"9435.1"
"CHST5"	"CHST5"	"23563.1"
"CPOX"	"CPOX"	"1371.1"
"CHST6"	"CHST6"	"4166.1"
"NIT2"	"NIT2"	"56954.1"
"CTPS1"	"CTPS1"	"1503.1"
"CHST3"	"CHST3"	"9469.1"
"CTPS2"	"CTPS2"	"56474.1"
"CHST1"	"CHST1"	"8534.1"
"CTH"	"CTH"	"1491.2"
"PKLR"	"PKLR"	"5313.1"
"GGTLC1"	"GGTLC1"	"92086.1"
"GUK1"	"GUK1"	"2987.1"
"CHST7"	"CHST7"	"56548.1"
"QDPR"	"QDPR"	"5860.1"
"HS6ST1"	"HS6ST1"	"9394.1"
"GGT2"	"GGT2"	"728441.1"
"GGT6"	"GGT6"	"124975.1"
"GGPS1"	"GGPS1"	"9453.1"
"GGT7"	"GGT7"	"2686.1"
"ENO1"	"ENO1"	"2023.1"
"ENO3"	"ENO3"	"2027.2"
"HS6ST2"	"HS6ST2"	"90161.2"
"ENO3"	"ENO3"	"2027.1"
"GGTLC2"	"GGTLC2"	"91227.1"
"ENO2"	"ENO2"	"2026.1"
""	""	"102724197.1"
"HS6ST2"	"HS6ST2"	"90161.1"
"HS6ST3"	"HS6ST3"	"266722.1"
"HEPH"	"HEPH"	"9843.1"
"GNS"	"GNS"	"2799.1"
"FLAD1"	"FLAD1"	"80308.1"
"AASS"	"AASS"	"10157.1"
"COMTD1"	"COMTD1"	"118881.1"
"PFKL"	"PFKL"	"5211.1"
"FLAD1"	"FLAD1"	"80308.2"
"CTH"	"CTH"	"1491.1"
"UGP2"	"UGP2"	"7360.1"
"UGP2"	"UGP2"	"7360.2"
"GPD1"	"GPD1"	"2819.1"
"HNMT"	"HNMT"	"3176.1"
"GAPDHS"	"GAPDHS"	"26330.1"
"SARDH"	"SARDH"	"1757.1"
"SGPP1"	"SGPP1"	"81537.1"
"GAPDH"	"GAPDH"	"2597.1"
"GMPPA"	"GMPPA"	"29926.1"
"GFPT1"	"GFPT1"	"2673.1"
"GFPT2"	"GFPT2"	"9945.1"
"SORD"	"SORD"	"6652.1"
"GMPPB"	"GMPPB"	"29925.1"
"LGSN"	"LGSN"	"51557.1"
"CBS"	"CBS"	"875.1"
"SCP2"	"SCP2"	"6342.1"
"GLUL"	"GLUL"	"2752.1"
"CBSL"	"CBSL"	"102724560.1"
"DPEP1"	"DPEP1"	"1800.1"
"ALPL"	"ALPL"	"249.1"
"SLC7A7"	"SLC7A7"	"9056.1"
"GMDS"	"GMDS"	"2762.1"
"SPTLC1"	"SPTLC1"	"10558.1"
"GCH1"	"GCH1"	"2643.1"
"RPIA"	"RPIA"	"22934.1"
"CA3"	"CA3"	"761.1"
"GMPR2"	"GMPR2"	"51292.1"
"SPTLC3"	"SPTLC3"	"55304.1"
"CA7"	"CA7"	"766.2"
"SPTLC2"	"SPTLC2"	"9517.1"
"ESD"	"ESD"	"2098.1"
"SGPL1"	"SGPL1"	"8879.1"
"GMPR"	"GMPR"	"2766.1"
"CA12"	"CA12"	"771.2"
"MIP"	"MIP"	"4284.1"
"CARNS1"	"CARNS1"	"57571.1"
"ST3GAL5"	"ST3GAL5"	"8869.1"
"AQP5"	"AQP5"	"362.1"
"AQP1"	"AQP1"	"358.1"
"GMPS"	"GMPS"	"8833.1"
"ACOT1"	"ACOT1"	"641371.1"
"AQP4"	"AQP4"	"361.1"
"PPT1"	"PPT1"	"5538.1"
"SPHK2"	"SPHK2"	"56848.1"
"AQP2"	"AQP2"	"359.1"
"SPHK1"	"SPHK1"	"8877.1"
"HMBS"	"HMBS"	"3145.1"
"PPT2"	"PPT2"	"9374.1"
"ACOT7"	"ACOT7"	"11332.1"
"BCAT1"	"BCAT1"	"586.1"
"PECR"	"PECR"	"55825.1"
"MDH1B"	"MDH1B"	"130752.1"
"MECR"	"MECR"	"51102.1"
"IMPDH2"	"IMPDH2"	"3615.1"
"IMPDH1"	"IMPDH1"	"3614.1"
"ACADVL"	"ACADVL"	"37.1"
"SMPD3"	"SMPD3"	"55512.2"
"IMPDH1"	"IMPDH1"	"3614.2"
"SMPD4"	"SMPD4"	"55627.1"
"ACADL"	"ACADL"	"33.1"
"BSG"	"BSG"	"682.1"
"GLYCTK"	"GLYCTK"	"132158.1"
"SMPD3"	"SMPD3"	"55512.1"
"GMPPA"	"GMPPA"	"29926.2"
"ENPP7"	"ENPP7"	"339221.1"
"GMPPB"	"GMPPB"	"29925.2"
"SMPD1"	"SMPD1"	"6609.1"
"TMEM91"	"TMEM91"	"641649.1"
"MPI"	"MPI"	"4351.1"
"QPRT"	"QPRT"	"23475.1"
"SMPD2"	"SMPD2"	"6610.1"
""	""	"100287639.1"
"SGMS1"	"SGMS1"	"259230.1"
"NAPRT"	"NAPRT"	"93100.1"
"MTHFD2L"	"MTHFD2L"	"441024.1"
"RRM2B"	"RRM2B"	"50484.1"
"NADK"	"NADK"	"65220.1"
"RRM2"	"RRM2"	"6241.1"
"SLC26A8"	"SLC26A8"	"116369.2"
"SLC26A7"	"SLC26A7"	"115111.2"
"SLC9A4"	"SLC9A4"	"389015.1"
"SLC26A7"	"SLC26A7"	"115111.1"
"RRM1"	"RRM1"	"6240.1"
"SLC9A5"	"SLC9A5"	"6553.1"
"HMGCR"	"HMGCR"	"3156.1"
"SLC26A11"	"SLC26A11"	"284129.1"
"GPI"	"GPI"	"2821.1"
"SLC26A9"	"SLC26A9"	"115019.2"
"PGK1"	"PGK1"	"5230.1"
"SCD5"	"SCD5"	"79966.1"
"PGK2"	"PGK2"	"5232.1"
"MIA3"	"MIA3"	"375056.1"
"MTHFS"	"MTHFS"	"10588.1"
"SLC26A9"	"SLC26A9"	"115019.1"
"SLC26A8"	"SLC26A8"	"116369.1"
"PGM1"	"PGM1"	"5236.1"
"SLC13A4"	"SLC13A4"	"26266.1"
"ADO"	"ADO"	"84890.1"
"PGM2"	"PGM2"	"55276.1"
"SOAT1"	"SOAT1"	"6646.1"
"PMM1"	"PMM1"	"5372.1"
"SOD3"	"SOD3"	"6649.1"
"PANK4"	"PANK4"	"55229.1"
"PMM2"	"PMM2"	"5373.1"
"PANK3"	"PANK3"	"79646.1"
"PANK2"	"PANK2"	"80025.3"
"PANK1"	"PANK1"	"53354.1"
"PANK2"	"PANK2"	"80025.1"
"SOD2"	"SOD2"	"6648.1"
"SOD1"	"SOD1"	"6647.1"
"PANK1"	"PANK1"	"53354.2"
"PANK2"	"PANK2"	"80025.2"
"SPR"	"SPR"	"6697.1"
"PANK1"	"PANK1"	"53354.3"
"SMS"	"SMS"	"6611.1"
"NUDT12"	"NUDT12"	"83594.1"
"PANK2"	"PANK2"	"80025.4"
"TST"	"TST"	"7263.1"
"HIBCH"	"HIBCH"	"26275.1"
"SRM"	"SRM"	"6723.1"
"SQLE"	"SQLE"	"6713.1"
"FDFT1"	"FDFT1"	"2222.1"
"ALAD"	"ALAD"	"210.2"
"PYCR2"	"PYCR2"	"29920.1"
"ALAD"	"ALAD"	"210.1"
"SRD5A1"	"SRD5A1"	"6715.1"
"PPCDC"	"PPCDC"	"60490.1"
"SRD5A2"	"SRD5A2"	"6716.1"
"PPCS"	"PPCS"	"79717.1"
"AANAT"	"AANAT"	"15.1"
"UROD"	"UROD"	"7389.1"
"PRODH2"	"PRODH2"	"58510.1"
"CYP51A1"	"CYP51A1"	"1595.1"
"SGPP2"	"SGPP2"	"130367.1"
"SLC6A4"	"SLC6A4"	"6532.1"
"SLC36A2"	"SLC36A2"	"153201.1"
"SLC25A17"	"SLC25A17"	"10478.1"
"PRPS1L1"	"PRPS1L1"	"221823.1"
"SLC35A3"	"SLC35A3"	"23443.1"
"PRPS2"	"PRPS2"	"5634.1"
"ABCG5"	"ABCG5"	"64240.1"
"ST3GAL3"	"ST3GAL3"	"6487.11"
"PRPS1L1"	"PRPS1L1"	"221823.2"
"PRPS1"	"PRPS1"	"5631.1"
"PSAT1"	"PSAT1"	"29968.2"
"ST3GAL3"	"ST3GAL3"	"6487.6"
"ABCG8"	"ABCG8"	"64241.1"
"PSAT1"	"PSAT1"	"29968.1"
"SLC13A5"	"SLC13A5"	"284111.1"
"ST3GAL3"	"ST3GAL3"	"6487.2"
""	""	"8781.1"
"ST3GAL3"	"ST3GAL3"	"6487.1"
"ST3GAL3"	"ST3GAL3"	"6487.7"
"SOAT2"	"SOAT2"	"8435.1"
"PSPH"	"PSPH"	"5723.1"
"LIPA"	"LIPA"	"3988.1"
"ST3GAL3"	"ST3GAL3"	"6487.5"
"RFK"	"RFK"	"55312.1"
"TALDO1"	"TALDO1"	"6888.1"
"ST3GAL3"	"ST3GAL3"	"6487.1"
"THNSL1"	"THNSL1"	"79896.1"
"ST3GAL3"	"ST3GAL3"	"6487.8"
"CA12"	"CA12"	"771.1"
"TKTL1"	"TKTL1"	"8277.1"
"CA9"	"CA9"	"768.1"
"ST3GAL3"	"ST3GAL3"	"6487.4"
"TKTL2"	"TKTL2"	"84076.1"
"ST3GAL3"	"ST3GAL3"	"6487.9"
"CA4"	"CA4"	"762.1"
"CA6"	"CA6"	"765.1"
"TKT"	"TKT"	"7086.1"
"ST3GAL3"	"ST3GAL3"	"6487.3"
"ST3GAL6"	"ST3GAL6"	"10402.1"
"TPK1"	"TPK1"	"27010.1"
""	""	"286016.1"
"ST6GALNAC2"	"ST6GALNAC2"	"10610.1"
"CA14"	"CA14"	"23632.1"
"TPI1"	"TPI1"	"7167.1"
"CA2"	"CA2"	"760.1"
"ST6GALNAC3"	"ST6GALNAC3"	"256435.1"
"GALE"	"GALE"	"2582.2"
"ST6GALNAC6"	"ST6GALNAC6"	"30815.1"
"ST6GALNAC5"	"ST6GALNAC5"	"81849.1"
"CA7"	"CA7"	"766.1"
"CA8"	"CA8"	"767.1"
"GALE"	"GALE"	"2582.1"
"CA1"	"CA1"	"759.1"
"UAP1L1"	"UAP1L1"	"91373.1"
"CA13"	"CA13"	"377677.1"
"ABCC5"	"ABCC5"	"10057.1"
"ACACA"	"ACACA"	"31.4"
"UAP1"	"UAP1"	"6675.1"
"SLC11A1"	"SLC11A1"	"6556.1"
"UROS"	"UROS"	"7390.1"
"ACACA"	"ACACA"	"31.2"
"SLC14A1"	"SLC14A1"	"6563.1"
"ACACA"	"ACACA"	"31.3"
"SLC14A2"	"SLC14A2"	"8170.1"
"ACACA"	"ACACA"	"31.1"
"SLC17A1"	"SLC17A1"	"6568.1"
"ASPG"	"ASPG"	"374569.1"
"SLC30A1"	"SLC30A1"	"7779.1"
"SLC37A1"	"SLC37A1"	"54020.1"
"ACACA"	"ACACA"	"31.5"
""	""	"100507855.1"
"CYP4V2"	"CYP4V2"	"285440.1"
"NT5C1B"	"NT5C1B"	"93034.2"
"NADSYN1"	"NADSYN1"	"55191.1"
"ADK"	"ADK"	"132.1"
"ADK"	"ADK"	"132.2"
"ACYP1"	"ACYP1"	"97.2"
"ACYP2"	"ACYP2"	"98.1"
"RWDD2A"	"RWDD2A"	"112611.1"
"ACYP1"	"ACYP1"	"97.1"
"AMDHD2"	"AMDHD2"	"51005.1"
"ATIC"	"ATIC"	"471.1"
"ASL"	"ASL"	"435.1"
"CLYBL"	"CLYBL"	"171425.2"
"CLYBL"	"CLYBL"	"171425.1"
"GNPDA2"	"GNPDA2"	"132789.1"
"GNPDA1"	"GNPDA1"	"10007.1"
"GALK2"	"GALK2"	"2585.1"
"GALK2"	"GALK2"	"2585.2"
"GALK1"	"GALK1"	"2584.1"
"GALT"	"GALT"	"2592.2"
"GALT"	"GALT"	"2592.1"
"GALT"	"GALT"	"2592.3"
"PPAT"	"PPAT"	"5471.1"
"HAGHL"	"HAGHL"	"84264.1"
"HAGHL"	"HAGHL"	"84264.2"
"HAL"	"HAL"	"3034.1"
"AMDHD1"	"AMDHD1"	"144193.1"
"GLO1"	"GLO1"	"2739.1"
"MTMR1"	"MTMR1"	"8776.1"
"IMPA1"	"IMPA1"	"3612.1"
"IMPA2"	"IMPA2"	"3613.1"
"GUCA1A"	"GUCA1A"	"2978.1"
"ODC1"	"ODC1"	"4953.1"
"PFKM"	"PFKM"	"5213.1"
"PFKP"	"PFKP"	"5214.1"
"PFKL"	"PFKL"	"5211.2"
"SLC17A4"	"SLC17A4"	"10050.1"
"SLC17A3"	"SLC17A3"	"10786.1"
"SLC17A2"	"SLC17A2"	"10246.1"
"SLC34A1"	"SLC34A1"	"6569.1"
"SLC34A2"	"SLC34A2"	"10568.1"
"PFAS"	"PFAS"	"5198.1"
"PKM"	"PKM"	"5315.3"
"PKLR"	"PKLR"	"5313.2"
"PKM"	"PKM"	"5315.2"
"SDSL"	"SDSL"	"113675.1"
"TYMS"	"TYMS"	"7298.1"
"ABCD1"	"ABCD1"	"215.1"
"ABCD3"	"ABCD3"	"5825.1"
"ACOT6"	"ACOT6"	"641372.1"
"RPL14"	"RPL14"	"9045.1"
"LOXL2"	"LOXL2"	"4017.1"
"PCBD2"	"PCBD2"	"84105.1"
"SULT4A1"	"SULT4A1"	"25830.1"
"LYZL1"	"LYZL1"	"84569.1"
"LPO"	"LPO"	"4025.1"
"OXSM"	"OXSM"	"54995.1"
"TPTE2"	"TPTE2"	"93492.1"
"CNP"	"CNP"	"1267.1"
"GLYAT"	"GLYAT"	"10249.1"
"CYP2A7"	"CYP2A7"	"1549.1"
"CYP4B1"	"CYP4B1"	"1580.1"
"CYP2J2"	"CYP2J2"	"1573.1"
"CYP2S1"	"CYP2S1"	"29785.1"
"CYP4Z1"	"CYP4Z1"	"199974.1"
"CYP4F11"	"CYP4F11"	"57834.1"
"CYP2B6"	"CYP2B6"	"1555.1"
"CYP4X1"	"CYP4X1"	"260293.1"
"CMA1"	"CMA1"	"1215.1"
"CPA6"	"CPA6"	"57094.1"
"CPA1"	"CPA1"	"1357.1"
"CPA2"	"CPA2"	"1358.1"
"CPA5"	"CPA5"	"93979.1"
"TPSD1"	"TPSD1"	"23430.1"
"UQCRC1"	"UQCRC1"	"7384.1"
"UQCRH"	"UQCRH"	"7388.1"
"UQCRFS1"	"UQCRFS1"	"7386.1"
"UQCR10"	"UQCR10"	"29796.2"
"UQCRC2"	"UQCRC2"	"7385.1"
"CYC1"	"CYC1"	"1537.1"
"SLC25A27"	"SLC25A27"	"9481.1"
"SLC25A14"	"SLC25A14"	"9016.2"
"SLC25A14"	"SLC25A14"	"9016.1"
"UCP3"	"UCP3"	"7352.2"
"UCP2"	"UCP2"	"7351.1"
"UCP3"	"UCP3"	"7352.1"
"NDUFS6"	"NDUFS6"	"4726.1"
"NDUFV2"	"NDUFV2"	"4729.1"
"ND6"	"ND6"	"4541.1"
"NDUFS1"	"NDUFS1"	"4719.1"
"NDUFB7"	"NDUFB7"	"4713.1"
"NDUFC2"	"NDUFC2"	"4718.1"
"TUSC3"	"TUSC3"	"7991.2"
"NDUFA11"	"NDUFA11"	"126328.1"
"ND4L"	"ND4L"	"4539.1"
"NDUFV3"	"NDUFV3"	"4731.2"
"NDUFA1"	"NDUFA1"	"4694.1"
"NDUFA10"	"NDUFA10"	"4705.1"
"NDUFA9"	"NDUFA9"	"4704.1"
"NDUFA2"	"NDUFA2"	"4695.1"
"NDUFA3"	"NDUFA3"	"4696.1"
"NDUFB1"	"NDUFB1"	"4707.1"
"NDUFB5"	"NDUFB5"	"4711.1"
"NDUFB6"	"NDUFB6"	"4712.1"
"NDUFA8"	"NDUFA8"	"4702.1"
"ND3"	"ND3"	"4537.1"
"NDUFB4"	"NDUFB4"	"4710.1"
"NDUFA6"	"NDUFA6"	"4700.1"
"ND4"	"ND4"	"4538.1"
"NDUFB2"	"NDUFB2"	"4708.1"
"NDUFB3"	"NDUFB3"	"4709.1"
"NDUFB9"	"NDUFB9"	"4715.1"
"ND1"	"ND1"	"4535.1"
"UROC1"	"UROC1"	"131669.1"
"SRD5A3"	"SRD5A3"	"79644.1"
"RENBP"	"RENBP"	"5973.1"
"NDUFA5"	"NDUFA5"	"4698.1"
"NDUFA12"	"NDUFA12"	"55967.1"
"AKR1C2"	"AKR1C2"	"1646.1"
"NDUFA7"	"NDUFA7"	"4701.1"
"ND5"	"ND5"	"4540.1"
"DCTD"	"DCTD"	"1635.1"
""	""	"158160.1"
""	""	"286297.1"
"SLC19A2"	"SLC19A2"	"10560.1"
"NDUFC1"	"NDUFC1"	"4717.1"
"NDUFS7"	"NDUFS7"	"374291.1"
"NDUFV3"	"NDUFV3"	"4731.1"
"HSD17B6"	"HSD17B6"	"8630.1"
"NDUFS4"	"NDUFS4"	"4724.1"
"NDUFV1"	"NDUFV1"	"4723.1"
"AHCY"	"AHCY"	"191.1"
"AHCYL1"	"AHCYL1"	"10768.1"
"AHCYL1"	"AHCYL1"	"10768.2"
"HSD17B11"	"HSD17B11"	"51170.1"
"HSD17B12"	"HSD17B12"	"51144.1"
"ELOVL3"	"ELOVL3"	"83401.1"
"MPC2"	"MPC2"	"25874.1"
"NDUFS2"	"NDUFS2"	"4720.1"
"ELOVL7"	"ELOVL7"	"79993.1"
"NDUFA4"	"NDUFA4"	"4697.1"
"NDUFS8"	"NDUFS8"	"4728.1"
"MPC1"	"MPC1"	"51660.1"
"ELOVL1"	"ELOVL1"	"64834.1"
"ATP8B2"	"ATP8B2"	"57198.1"
"NDUFS5"	"NDUFS5"	"4725.1"
"HACD2"	"HACD2"	"201562.1"
"ATP8B1"	"ATP8B1"	"5205.1"
"HACD3"	"HACD3"	"51495.1"
"ATP11A"	"ATP11A"	"23250.1"
"NDUFAB1"	"NDUFAB1"	"4706.1"
"HACD1"	"HACD1"	"9200.1"
"HIGD2A"	"HIGD2A"	"192286.1"
"ATP11C"	"ATP11C"	"286410.1"
"HACD4"	"HACD4"	"401494.1"
"ABCB1"	"ABCB1"	"5243.1"
"ACOT13"	"ACOT13"	"55856.1"
"TECR"	"TECR"	"9524.1"
"NDUFB11"	"NDUFB11"	"54539.1"
"UCP1"	"UCP1"	"7350.1"
"TECRL"	"TECRL"	"253017.1"
"NDUFB10"	"NDUFB10"	"4716.1"
"FADS6"	"FADS6"	"283985.1"
"NDUFB6"	"NDUFB6"	"4712.2"
"FADS3"	"FADS3"	"3995.1"
"TUSC3"	"TUSC3"	"7991.1"
"ND2"	"ND2"	"4536.1"
"ACOT11"	"ACOT11"	"26027.1"
"ABCB6"	"ABCB6"	"10058.1"
"TBCB"	"TBCB"	"1155.1"
"NDUFB8"	"NDUFB8"	"4714.1"
"NDUFS3"	"NDUFS3"	"4722.1"
"SLC25A29"	"SLC25A29"	"123096.1"
"NDUFA13"	"NDUFA13"	"51079.1"
"RHCG"	"RHCG"	"51458.1"
"CD36"	"CD36"	"948.1"
"SLC22A9"	"SLC22A9"	"114571.1"
"COX6A2"	"COX6A2"	"1339.1"
"AKR1B10"	"AKR1B10"	"57016.1"
"RALBP1"	"RALBP1"	"10928.1"
"NOL9"	"NOL9"	"79707.1"
"NQO1"	"NQO1"	"1728.1"
"COX6C"	"COX6C"	"1345.1"
"FN3KRP"	"FN3KRP"	"79672.1"
"COX5B"	"COX5B"	"1329.1"
"GSTM2"	"GSTM2"	"2946.1"
"FAM20B"	"FAM20B"	"9917.1"
"ACER3"	"ACER3"	"55331.1"
"COX8C"	"COX8C"	"341947.1"
"COX6B2"	"COX6B2"	"125965.1"
"FGGY"	"FGGY"	"55277.1"
"ACER1"	"ACER1"	"125981.1"
"ACER2"	"ACER2"	"340485.1"
"FN3K"	"FN3K"	"64122.1"
"COX4I1"	"COX4I1"	"1327.1"
"PXYLP1"	"PXYLP1"	"92370.1"
"COX2"	"COX2"	"4513.1"
"GM2A"	"GM2A"	"2760.1"
"COX7A1"	"COX7A1"	"1346.1"
"ACPT"	"ACPT"	"93650.1"
"PSAP"	"PSAP"	"5660.1"
"ACP7"	"ACP7"	"390928.1"
"GBA2"	"GBA2"	"57704.1"
"NEU2"	"NEU2"	"4759.1"
"COX7A2"	"COX7A2"	"1347.1"
"UPRT"	"UPRT"	"139596.1"
"COX6A1"	"COX6A1"	"1337.1"
"PDPR"	"PDPR"	"55066.1"
"COX3"	"COX3"	"4514.1"
"NEU3"	"NEU3"	"10825.1"
"P4HA3"	"P4HA3"	"283208.1"
"ST8SIA4"	"ST8SIA4"	"7903.1"
"COX8A"	"COX8A"	"1351.1"
"COX4I2"	"COX4I2"	"84701.1"
"P4HA1"	"P4HA1"	"5033.1"
"COX7C"	"COX7C"	"1350.1"
"P4HA2"	"P4HA2"	"8974.1"
"COX1"	"COX1"	"4512.1"
"LIPF"	"LIPF"	"8513.1"
""	""	"8041.1"
"ENOPH1"	"ENOPH1"	"58478.1"
"ADI1"	"ADI1"	"55256.1"
"PNLIPRP2"	"PNLIPRP2"	"5408.1"
"COX7B2"	"COX7B2"	"170712.1"
"IL4I1"	"IL4I1"	"259307.1"
"COX5A"	"COX5A"	"9377.1"
"SLC25A37"	"SLC25A37"	"51312.1"
"COX7A2L"	"COX7A2L"	"9167.1"
"COX6B1"	"COX6B1"	"1340.1"
"PNPLA2"	"PNPLA2"	"57104.1"
"SLC25A28"	"SLC25A28"	"81894.1"
"AADAC"	"AADAC"	"13.1"
"COX7B"	"COX7B"	"1349.1"
"PHPT1"	"PHPT1"	"29085.1"
"LIPG"	"LIPG"	"9388.1"
"PNLIPRP1"	"PNLIPRP1"	"5407.1"
"MTMR6"	"MTMR6"	"9107.1"
"SACM1L"	"SACM1L"	"22908.1"
"PLPPR5"	"PLPPR5"	"163404.1"
"LIPE"	"LIPE"	"3991.1"
"INPP5F"	"INPP5F"	"22876.1"
"DAGLB"	"DAGLB"	"221955.1"
"PNLIP"	"PNLIP"	"5406.1"
"FIG4"	"FIG4"	"9896.1"
"DAGLA"	"DAGLA"	"747.1"
"NT5DC3"	"NT5DC3"	"51559.1"
"PNLIPRP3"	"PNLIPRP3"	"119548.1"
"FABP12"	"FABP12"	"646486.1"
"MTMR7"	"MTMR7"	"9108.1"
"PLPP7"	"PLPP7"	"84814.1"
"TNS2"	"TNS2"	"23371.1"
"FABP4"	"FABP4"	"2167.1"
"FABP6"	"FABP6"	"2172.1"
"DUSP11"	"DUSP11"	"8446.1"
"FABP7"	"FABP7"	"2173.1"
"CTDSPL2"	"CTDSPL2"	"51496.1"
"PTPRQ"	"PTPRQ"	"374462.1"
"FABP2"	"FABP2"	"2169.1"
"PLPP6"	"PLPP6"	"403313.1"
"PMPCA"	"PMPCA"	"23203.1"
"FABP5"	"FABP5"	"2171.1"
"MDP1"	"MDP1"	"145553.1"
"FABP9"	"FABP9"	"646480.1"
"FABP3"	"FABP3"	"2170.1"
"MTMR14"	"MTMR14"	"64419.1"
"ACSM5"	"ACSM5"	"54988.1"
"MTMR8"	"MTMR8"	"55613.1"
"ACSM4"	"ACSM4"	"341392.1"
"PTPDC1"	"PTPDC1"	"138639.1"
"MINPP1"	"MINPP1"	"9562.1"
"ACSM2A"	"ACSM2A"	"123876.1"
"ITPK1"	"ITPK1"	"3705.1"
"ACSM3"	"ACSM3"	"6296.1"
"PIP5KL1"	"PIP5KL1"	"138429.1"
"ACSM2B"	"ACSM2B"	"348158.1"
""	""	"344967.1"
"DHRS9"	"DHRS9"	"10170.1"
"DHRS3"	"DHRS3"	"9249.1"
"LRTOMT"	"LRTOMT"	"220074.1"
"ABHD5"	"ABHD5"	"51099.1"
"MBOAT1"	"MBOAT1"	"154141.1"
"DIO1"	"DIO1"	"1733.1"
"LCLAT1"	"LCLAT1"	"253558.1"
"PLPPR2"	"PLPPR2"	"64748.1"
"LPIN1"	"LPIN1"	"23175.1"
"DIO3"	"DIO3"	"1735.1"
"DIO2"	"DIO2"	"1734.1"
"SULT1B1"	"SULT1B1"	"27284.1"
"SULT1C2"	"SULT1C2"	"6819.1"
"PLPP5"	"PLPP5"	"84513.1"
"PLPPR3"	"PLPPR3"	"79948.1"
"COQ5"	"COQ5"	"84274.1"
"PLPPR4"	"PLPPR4"	"9890.1"
"KMT5C"	"KMT5C"	"84787.1"
"EHMT1"	"EHMT1"	"79813.1"
"LPIN3"	"LPIN3"	"64900.1"
"LPIN2"	"LPIN2"	"9663.1"
"KMT2B"	"KMT2B"	"9757.1"
"PLPP4"	"PLPP4"	"196051.1"
"SETDB1"	"SETDB1"	"9869.1"
"EPT1"	"EPT1"	"85465.1"
"PLD3"	"PLD3"	"23646.1"
"PLD4"	"PLD4"	"122618.1"
"SETD2"	"SETD2"	"29072.1"
"PLD6"	"PLD6"	"201164.1"
"BCHE"	"BCHE"	"590.1"
"SETD7"	"SETD7"	"80854.1"
"AGK"	"AGK"	"55750.1"
"KMT5A"	"KMT5A"	"387893.1"
"DOT1L"	"DOT1L"	"84444.1"
"KMT2A"	"KMT2A"	"4297.1"
"CERS5"	"CERS5"	"91012.1"
"CERS3"	"CERS3"	"204219.1"
"CERS1"	"CERS1"	"10715.1"
"KMT2C"	"KMT2C"	"58508.1"
"CERS6"	"CERS6"	"253782.1"
"ASH1L"	"ASH1L"	"55870.1"
"CERS2"	"CERS2"	"29956.1"
"EHMT2"	"EHMT2"	"10919.1"
"SUV39H1"	"SUV39H1"	"6839.1"
"CERS4"	"CERS4"	"79603.1"
"NSD1"	"NSD1"	"64324.1"
"ASAH2"	"ASAH2"	"56624.1"
"SETMAR"	"SETMAR"	"6419.1"
"FUT11"	"FUT11"	"170384.1"
"SETD1B"	"SETD1B"	"23067.1"
"UGGT1"	"UGGT1"	"56886.1"
"WHSC1L1"	"WHSC1L1"	"54904.1"
"FUT4"	"FUT4"	"2526.1"
"MGAT4D"	"MGAT4D"	"152586.1"
"B3GALNT2"	"B3GALNT2"	"148789.1"
"ALG1L"	"ALG1L"	"200810.1"
"POMGNT1"	"POMGNT1"	"55624.1"
"SMYD3"	"SMYD3"	"64754.1"
"POGLUT1"	"POGLUT1"	"56983.1"
"SUV39H2"	"SUV39H2"	"79723.1"
""	""	"644378.1"
"KMT2E"	"KMT2E"	"55904.1"
"ALG1L2"	"ALG1L2"	"644974.1"
"B4GALT4"	"B4GALT4"	"8702.1"
"SETD1A"	"SETD1A"	"9739.1"
"OGT"	"OGT"	"8473.1"
"GLT8D1"	"GLT8D1"	"55830.1"
"WHSC1"	"WHSC1"	"7468.1"
"STT3A"	"STT3A"	"3703.1"
"SETDB2"	"SETDB2"	"83852.1"
"KMT2D"	"KMT2D"	"8085.1"
"B4GALNT3"	"B4GALNT3"	"283358.1"
"KMT5B"	"KMT5B"	"51111.1"
"UGGT2"	"UGGT2"	"55757.1"
"SPCS3"	"SPCS3"	"60559.1"
"SEC11A"	"SEC11A"	"23478.1"
"MGAT5B"	"MGAT5B"	"146664.1"
"SPCS1"	"SPCS1"	"28972.1"
"FUT7"	"FUT7"	"2529.1"
"GLT6D1"	"GLT6D1"	"360203.1"
"SEC11C"	"SEC11C"	"90701.1"
"SPCS2"	"SPCS2"	"9789.1"
"DOLPP1"	"DOLPP1"	"57171.1"
"MGAT5"	"MGAT5"	"4249.1"
"MGAT4C"	"MGAT4C"	"25834.1"
"PXDN"	"PXDN"	"7837.1"
"GCNT7"	"GCNT7"	"140687.1"
"PXDNL"	"PXDNL"	"137902.1"
"B3GALT1"	"B3GALT1"	"8708.1"
"PPIP5K1"	"PPIP5K1"	"9677.1"
"PPIP5K2"	"PPIP5K2"	"23262.1"
"STT3B"	"STT3B"	"201595.1"
"TKFC"	"TKFC"	"26007.1"
"GLT8D2"	"GLT8D2"	"83468.1"
"FAAH2"	"FAAH2"	"158584.1"
"B3GNT9"	"B3GNT9"	"84752.1"
"PGM2L1"	"PGM2L1"	"283209.1"
"B3GLCT"	"B3GLCT"	"145173.1"
"CES3"	"CES3"	"23491.1"
"B4GALNT2"	"B4GALNT2"	"124872.1"
"FUT10"	"FUT10"	"84750.1"
"CES5A"	"CES5A"	"221223.1"
"B4GALNT4"	"B4GALNT4"	"338707.1"
"CES1"	"CES1"	"1066.1"
"CLPS"	"CLPS"	"1208.1"
"SLC47A2"	"SLC47A2"	"146802.1"
"GALNTL5"	"GALNTL5"	"168391.1"
"SLC47A1"	"SLC47A1"	"55244.1"
"SLC10A6"	"SLC10A6"	"345274.1"
"SLC22A12"	"SLC22A12"	"116085.1"
"B3GALT2"	"B3GALT2"	"8707.1"
"HYKK"	"HYKK"	"123688.1"
"GLTP"	"GLTP"	"51228.1"
"HSD17B14"	"HSD17B14"	"51171.1"
"HEXDC"	"HEXDC"	"284004.1"
"GLB1L"	"GLB1L"	"79411.1"
"WWOX"	"WWOX"	"51741.1"
"ST6GALNAC4"	"ST6GALNAC4"	"27090.1"
"NEU4"	"NEU4"	"129807.1"
"AKR1B15"	"AKR1B15"	"441282.1"
"FUT2"	"FUT2"	"2524.1"
"DHRS2"	"DHRS2"	"10202.1"
"FUT5"	"FUT5"	"2527.1"
"HTATIP2"	"HTATIP2"	"10553.1"
"SDR9C7"	"SDR9C7"	"121214.1"
"HSD11B1L"	"HSD11B1L"	"374875.1"
"FUT6"	"FUT6"	"2528.1"
"CYP2U1"	"CYP2U1"	"113612.1"
"BDH2"	"BDH2"	"56898.1"
"GPX8"	"GPX8"	"493869.1"
"CTBP1"	"CTBP1"	"1487.1"
"DPEP2"	"DPEP2"	"64174.1"
"SDR42E2"	"SDR42E2"	"100288072.1"
"DPEP3"	"DPEP3"	"64180.1"
"SDR42E1"	"SDR42E1"	"93517.1"
"PTGES3"	"PTGES3"	"10728.1"
"CBR4"	"CBR4"	"84869.1"
""	""	"340811.1"
"SCARF2"	"SCARF2"	"91179.1"
"ENPP6"	"ENPP6"	"133121.1"
"RPP14"	"RPP14"	"11102.1"
"PHYKPL"	"PHYKPL"	"85007.1"
"ALPP"	"ALPP"	"250.1"
"AKR1C3"	"AKR1C3"	"8644.1"
"FAXDC2"	"FAXDC2"	"10826.1"
"ALPPL2"	"ALPPL2"	"251.1"
"MAGEA2B"	"MAGEA2B"	"266740.1"
"SLC51A"	"SLC51A"	"200931.1"
"LBR"	"LBR"	"3930.1"
"SLC51B"	"SLC51B"	"123264.1"
"UGT2A1"	"UGT2A1"	"10941.1"
"UGT2A3"	"UGT2A3"	"79799.1"
"MYO5B"	"MYO5B"	"4645.1"
"PON3"	"PON3"	"5446.1"
"NPC1"	"NPC1"	"4864.1"
"ATP5B"	"ATP5B"	"506.1"
"HDLBP"	"HDLBP"	"3069.1"
"ATP5L"	"ATP5L"	"10632.1"
"ATP5F1"	"ATP5F1"	"515.2"
"ATP5H"	"ATP5H"	"10476.1"
"ATP5D"	"ATP5D"	"513.1"
"ATP5J"	"ATP5J"	"522.1"
"ATP5O"	"ATP5O"	"539.1"
"ATP5J2"	"ATP5J2"	"9551.1"
"ATP5G1"	"ATP5G1"	"516.2"
"ATP5J2"	"ATP5J2"	"9551.3"
"ATP5C1"	"ATP5C1"	"509.1"
"ATP5G3"	"ATP5G3"	"518.3"
"ATP5S"	"ATP5S"	"27109.1"
"ATP5G3"	"ATP5G3"	"518.2"
"ATP5E"	"ATP5E"	"514.2"
"ATP5D"	"ATP5D"	"513.2"
"NSF"	"NSF"	"4905.1"
"ATP5F1"	"ATP5F1"	"515.3"
"ATP5G2"	"ATP5G2"	"517.2"
"ATP5I"	"ATP5I"	"521.1"
"ATP5C1"	"ATP5C1"	"509.2"
"ATP5H"	"ATP5H"	"10476.2"
"ATP5G2"	"ATP5G2"	"517.1"
"ATP5F1"	"ATP5F1"	"515.1"
"ATP5J"	"ATP5J"	"522.5"
"ATP5G1"	"ATP5G1"	"516.1"
"ATP5A1"	"ATP5A1"	"498.3"
"ATP5L2"	"ATP5L2"	"267020.1"
"ATP5J"	"ATP5J"	"522.3"
"ATP5A1"	"ATP5A1"	"498.1"
"ATP5A1"	"ATP5A1"	"498.2"
"ATP5G3"	"ATP5G3"	"518.1"
"ATP5E"	"ATP5E"	"514.1"
"ATP5J"	"ATP5J"	"522.2"
"ATP5J2"	"ATP5J2"	"9551.2"
"ATP5J"	"ATP5J"	"522.4"
"UQCRQ"	"UQCRQ"	"27089.1"
"UQCR11"	"UQCR11"	"10975.1"
"UQCRB"	"UQCRB"	"7381.1"
"UQCR10"	"UQCR10"	"29796.1"
"CYTB"	"CYTB"	"4519.1"
